<?xml version="1.0" encoding="UTF-8"?>
<COLLADA xmlns="http://www.collada.org/2005/11/COLLADASchema" version="1.4.1">
<!--
# File generated by ImageToStl.com - Free Image and 3D model conversion tools
-->
  <asset>
    <contributor>
      <author>ImageToStl.com</author>
      <authoring_tool>ImageToStl.com</authoring_tool>
    </contributor>
    <created>2026-03-18T12:49:53</created>
    <modified>2026-03-18T12:49:53</modified>
    <up_axis>Z_UP</up_axis>
  </asset>
  <library_effects>
    <effect id="effect_0">
        <profile_COMMON>
          <technique sid="common">
            <phong>
              <diffuse>
                <color>0.85 0.85 0.85 1</color>
              </diffuse>
              <specular>
                <color>0.05 0.05 0.05 1</color>
              </specular>
              <shininess>
                <float>64</float>
              </shininess>
            </phong>
          </technique>
        </profile_COMMON>
    </effect>
  </library_effects>
  <library_materials>
    <material id="mat_0">
      <instance_effect url="#effect_0"/>
    </material>
  </library_materials>
  <library_geometries>
    <geometry id="geometry_79122257_2259_41b6_8018_a47bcbf33bf0">
      <mesh>
        <source id="pos_0">
          <float_array id="pos_0-array" count="7584">86.37686157 358.09310913 0 86.37686157 358.09310913 20 86.37686157 358.69308472 20 86.37686157 358.69308472 0 180.37686157 358.69308472 20 180.37686157 358.69308472 0 180.37686157 358.09310913 20 180.37686157 358.09310913 0 186.75378418 358.084198 0 186.75378418 358.084198 20 186.75378418 358.68417358 20 186.75378418 358.68417358 0 220.75378418 358.68417358 20 220.75378418 358.68417358 0 220.75378418 358.084198 20 220.75378418 358.084198 0 221.39860535 354.59567261 0 221.39860535 354.59567261 20 220.79859924 354.59567261 20 220.79859924 354.59567261 0 220.79859924 358.59567261 20 220.79859924 358.59567261 0 221.39860535 358.59567261 20 221.39860535 358.59567261 0 220.76087952 354.34011841 0 220.76087952 354.34011841 20 220.76087952 354.94009399 20 220.76087952 354.94009399 0 230.76087952 354.94009399 20 230.76087952 354.94009399 0 230.76087952 354.34011841 20 230.76087952 354.34011841 0 230.94494629 309.07641602 0 230.94494629 309.07641602 20 230.34494019 309.07641602 20 230.34494019 309.07641602 0 230.34494019 355.07641602 20 230.34494019 355.07641602 0 230.94494629 355.07641602 20 230.94494629 355.07641602 0 180.47970581 339.31039429 0 180.47970581 339.31039429 20 180.47970581 341.31039429 20 180.47970581 341.31039429 0 186.47970581 341.31039429 20 186.47970581 341.31039429 0 186.47970581 339.31039429 20 186.47970581 339.31039429 0 180.70120239 322.03396606 0 180.70120239 322.03396606 20 180.70120239 324.03396606 20 180.70120239 324.03396606 0 186.70120239 324.03396606 20 186.70120239 324.03396606 0 186.70120239 322.03396606 20 186.70120239 322.03396606 0 180.70120239 303.25753784 0 180.70120239 303.25753784 20 180.70120239 308.25753784 20 180.70120239 308.25753784 0 186.70120239 308.25753784 20 186.70120239 308.25753784 0 186.70120239 303.25753784 20 186.70120239 303.25753784 0 180.70120239 288.54425049 0 180.70120239 288.54425049 20 180.70120239 290.54425049 20 180.70120239 290.54425049 0 186.70120239 290.54425049 20 186.70120239 290.54425049 0 186.70120239 288.54425049 20 186.70120239 288.54425049 0 180.70120239 272.27783203 0 180.70120239 272.27783203 20 180.70120239 274.27783203 20 180.70120239 274.27783203 0 186.70120239 274.27783203 20 186.70120239 274.27783203 0 186.70120239 272.27783203 20 186.70120239 272.27783203 0 180.89257812 254.26687622 0 180.89257812 254.26687622 20 180.89257812 259.26687622 20 180.89257812 259.26687622 0 186.89257812 259.26687622 20 186.89257812 259.26687622 0 186.89257812 254.26687622 20 186.89257812 254.26687622 0 130.75369263 254.26687622 0 130.75369263 254.26687622 5 130.75369263 259.26687622 5 130.75369263 259.26687622 0 136.75369263 259.26687622 5 136.75369263 259.26687622 0 136.75369263 254.26687622 5 136.75369263 254.26687622 0 180.89257812 238.59674072 0 180.89257812 238.59674072 20 180.89257812 240.59674072 20 180.89257812 240.59674072 0 186.89257812 240.59674072 20 186.89257812 240.59674072 0 186.89257812 238.59674072 20 186.89257812 238.59674072 0 181.27531433 221.37345886 0 181.27531433 221.37345886 20 181.27531433 223.37345886 20 181.27531433 223.37345886 0 187.27531433 223.37345886 20 187.27531433 223.37345886 0 187.27531433 221.37345886 20 187.27531433 221.37345886 0 181.84942627 202.78839111 0 181.84942627 202.78839111 20 181.84942627 207.78839111 20 181.84942627 207.78839111 0 187.84942627 207.78839111 20 187.84942627 207.78839111 0 187.84942627 202.78839111 20 187.84942627 202.78839111 0 131.51916504 202.40565491 0 131.51916504 202.40565491 5 131.51916504 207.40565491 5 131.51916504 207.40565491 0 137.51916504 207.40565491 5 137.51916504 207.40565491 0 137.51916504 202.40565491 5 137.51916504 202.40565491 0 182.10203552 187.75361633 0 182.10203552 187.75361633 20 182.10203552 189.75361633 20 182.10203552 189.75361633 0 188.10203552 189.75361633 20 188.10203552 189.75361633 0 188.10203552 187.75361633 20 188.10203552 187.75361633 0 181.87239075 171.67855835 0 181.87239075 171.67855835 20 181.87239075 173.67855835 20 181.87239075 173.67855835 0 187.87239075 173.67855835 20 187.87239075 173.67855835 0 187.87239075 171.67855835 20 187.87239075 171.67855835 0 182.07907104 153.64463806 0 182.07907104 153.64463806 20 182.07907104 158.64463806 20 182.07907104 158.64463806 0 188.07907104 158.64463806 20 188.07907104 158.64463806 0 188.07907104 153.64463806 20 188.07907104 153.64463806 0 182.3316803 135.16520691 0 182.3316803 135.16520691 20 182.3316803 137.16520691 20 182.3316803 137.16520691 0 188.3316803 137.16520691 20 188.3316803 137.16520691 0 188.3316803 135.16520691 20 188.3316803 135.16520691 0 186.80247498 354.64016724 0 186.80247498 354.64016724 20 186.20246887 354.64016724 20 186.20246887 354.64016724 0 186.20246887 358.64016724 20 186.20246887 358.64016724 0 186.80247498 358.64016724 20 186.80247498 358.64016724 0 180.98043823 354.73709106 0 180.98043823 354.73709106 20 180.38043213 354.73709106 20 180.38043213 354.73709106 0 180.38043213 358.73709106 20 180.38043213 358.73709106 0 180.98043823 358.73709106 20 180.98043823 358.73709106 0 180.38813782 354.27682495 0 180.38813782 354.27682495 20 180.38813782 354.87680054 20 180.38813782 354.87680054 0 186.78813171 354.87680054 20 186.78813171 354.87680054 0 186.78813171 354.27682495 20 186.78813171 354.27682495 0 120.37535858 291.01593018 0 120.37535858 291.01593018 20 119.77536011 291.01593018 20 119.77536011 291.01593018 0 119.77535248 347.01593018 20 119.77535248 347.01593018 0 120.37535095 347.01593018 20 120.37535095 347.01593018 0 120.65093231 243.01199341 0 120.65093231 243.01199341 20 120.05092621 243.01199341 20 120.05092621 243.01199341 0 120.05092621 271.01199341 20 120.05092621 271.01199341 0 120.65093231 271.01199341 20 120.65093231 271.01199341 0 120.92650604 202.36077881 0 120.92650604 202.36077881 20 120.32650757 202.36077881 20 120.32650757 202.36077881 0 120.32649994 238.36077881 20 120.32649994 238.36077881 0 120.92649841 238.36077881 20 120.92649841 238.36077881 0 102.18753815 238.11120605 0 102.18753815 238.11120605 20 101.58753204 238.11120605 20 101.58753204 238.11120605 0 101.58753204 251.11120605 20 101.58753204 251.11120605 0 102.18753815 251.11120605 20 102.18753815 251.11120605 0 102.06128693 250.93693542 0 102.06128693 250.93693542 20 102.06128693 251.53694153 20 102.06128693 251.53694153 0 119.06128693 251.53694153 20 119.06128693 251.53694153 0 119.06128693 250.93693542 20 119.06128693 250.93693542 0 101.87326813 238.1401825 0 101.87326813 238.1401825 20 101.87326813 238.7401886 20 101.87326813 238.7401886 0 120.47327423 238.7401886 20 120.47327423 238.7401886 0 120.47327423 238.1401825 20 120.47327423 238.1401825 0 119.57032776 243.16281128 0 119.57032776 243.16281128 20 118.97032166 243.16281128 20 118.97032166 243.16281128 0 118.97032166 251.16281128 20 118.97032166 251.16281128 0 119.57032776 251.16281128 20 119.57032776 251.16281128 0 119.32794189 243.09393311 0 119.32794189 243.09393311 20 119.32794189 243.69393921 20 119.32794189 243.69393921 0 120.32794189 243.69393921 20 120.32794189 243.69393921 0 120.32794189 243.09393311 20 120.32794189 243.09393311 0 92.41748047 209.4354248 0 92.41748047 209.4354248 20 92.41748047 210.03543091 20 92.41748047 210.03543091 0 112.41748047 210.03543091 20 112.41748047 210.03543091 0 112.41748047 209.4354248 20 112.41748047 209.4354248 0 107.87380219 201.97200012 0 107.87380219 201.97200012 20 107.87380219 202.57200623 20 107.87380219 202.57200623 0 121.07379913 202.57200623 20 121.07379913 202.57200623 0 121.07379913 201.97200012 20 121.07379913 201.97200012 0 85.62663269 201.58926392 0 85.62663269 201.58926392 20 85.62663269 202.18927002 20 85.62663269 202.18927002 0 96.62663269 202.18927002 20 96.62663269 202.18927002 0 96.62663269 201.58926392 20 96.62663269 201.58926392 0 67.2767868 192.78620911 0 67.2767868 192.78620911 20 67.2767868 193.38621521 20 67.2767868 193.38621521 0 87.2767868 193.38621521 20 87.2767868 193.38621521 0 87.2767868 192.78620911 20 87.2767868 192.78620911 0 67.15660858 173.26644897 0 67.15660858 173.26644897 20 67.15660858 173.86645508 20 67.15660858 173.86645508 0 87.15660858 173.86645508 20 87.15660858 173.86645508 0 87.15660858 173.26644897 20 87.15660858 173.26644897 0 66.86016846 154.51216125 0 66.86016846 154.51216125 20 66.86016846 155.11216736 20 66.86016846 155.11216736 0 82.86016846 155.11216736 20 82.86016846 155.11216736 0 82.86016846 154.51216125 20 82.86016846 154.51216125 0 67.02597809 132.06843567 0 67.02597809 132.06843567 20 67.02597809 132.66844177 20 67.02597809 132.66844177 0 88.02597809 132.66844177 20 88.02597809 132.66844177 0 88.02597809 132.06843567 20 88.02597809 132.06843567 0 66.98725891 113.65844727 0 66.98725891 113.65844727 20 66.98725891 114.25845337 20 66.98725891 114.25845337 0 83.58726501 114.25845337 20 83.58726501 114.25845337 0 83.58726501 113.65844727 20 83.58726501 113.65844727 0 67.46531677 113.12094116 0 67.46531677 113.12094116 20 66.8653183 113.12094116 20 66.8653183 113.12094116 0 66.86531067 193.12094116 20 66.86531067 193.12094116 0 67.46530914 193.12094116 20 67.46530914 193.12094116 0 87.8338623 178.87644958 0 87.8338623 178.87644958 20 87.2338562 178.87644958 20 87.2338562 178.87644958 0 87.2338562 195.67643738 20 87.2338562 195.67643738 0 87.8338623 195.67643738 20 87.8338623 195.67643738 0 86.17821503 195.20574951 0 86.17821503 195.20574951 20 85.57820892 195.20574951 20 85.57820892 195.20574951 0 85.57820892 202.20574951 20 85.57820892 202.20574951 0 86.17821503 202.20574951 20 86.17821503 202.20574951 0 87.72704315 171.80403137 0 87.72704315 171.80403137 20 87.12703705 171.80403137 20 87.12703705 171.80403137 0 87.12703705 175.40403748 20 87.12703705 175.40403748 0 87.72704315 175.40403748 20 87.72704315 175.40403748 0 88.10561371 135.50820923 0 88.10561371 135.50820923 20 87.5056076 135.50820923 20 87.5056076 135.50820923 0 87.5056076 165.50820923 20 87.5056076 165.50820923 0 88.10561371 165.50820923 20 88.10561371 165.50820923 0 88.38636017 118.55044556 0 88.38636017 118.55044556 20 87.78635406 118.55044556 20 87.78635406 118.55044556 0 87.78635406 133.7504425 20 87.78635406 133.7504425 0 88.38636017 133.7504425 20 88.38636017 133.7504425 0 83.08865356 118.13496399 0 83.08865356 118.13496399 20 83.08865356 118.73497009 20 83.08865356 118.73497009 0 89.08865356 118.73497009 20 89.08865356 118.73497009 0 89.08865356 118.13496399 20 89.08865356 118.13496399 0 82.4426651 157.43464661 0 82.4426651 157.43464661 20 82.4426651 158.03465271 20 82.4426651 158.03465271 0 88.0426712 158.03465271 20 88.0426712 158.03465271 0 88.0426712 157.43464661 20 88.0426712 157.43464661 0 82.5195694 152.66638184 0 82.5195694 152.66638184 20 82.5195694 153.26638794 20 82.5195694 153.26638794 0 88.1195755 153.26638794 20 88.1195755 153.26638794 0 88.1195755 152.66638184 20 88.1195755 152.66638184 0 83.03569031 152.80007935 0 83.03569031 152.80007935 20 82.4356842 152.80007935 20 82.4356842 152.80007935 0 82.4356842 157.80007935 20 82.4356842 157.80007935 0 83.03569031 157.80007935 20 83.03569031 157.80007935 0 98.72245789 139.67633057 0 98.72245789 139.67633057 20 98.12245941 139.67633057 20 98.12245941 139.67633057 0 98.12245178 193.67633057 20 98.12245178 193.67633057 0 98.72245026 193.67633057 20 98.72245026 193.67633057 0 95.48867035 102.04917908 0 95.48867035 102.04917908 20 94.88866425 102.04917908 20 94.88866425 102.04917908 0 94.88866425 118.44917297 20 94.88866425 118.44917297 0 95.48867035 118.44917297 20 95.48867035 118.44917297 0 118.29362488 102.52835083 0 118.29362488 102.52835083 20 117.69361877 102.52835083 20 117.69361877 102.52835083 0 117.69361877 118.92834473 20 117.69361877 118.92834473 0 118.29362488 118.92834473 20 118.29362488 118.92834473 0 150.66708374 102.53973389 0 150.66708374 102.53973389 20 150.06707764 102.53973389 20 150.06707764 102.53973389 0 150.06707764 119.33973694 20 150.06707764 119.33973694 0 150.66708374 119.33973694 20 150.66708374 119.33973694 0 95.05489349 117.80480194 0 95.05489349 117.80480194 20 95.05489349 118.40480804 20 95.05489349 118.40480804 0 111.6548996 118.40480804 20 111.6548996 118.40480804 0 111.6548996 117.80480194 20 111.6548996 117.80480194 0 94.8813324 102.2911911 0 94.8813324 102.2911911 20 94.8813324 102.8911972 20 94.8813324 102.8911972 0 150.8813324 102.8911972 20 150.8813324 102.8911972 0 150.8813324 102.2911911 20 150.8813324 102.2911911 0 98.13703156 139.7124939 0 98.13703156 139.7124939 20 98.5462265 140.15130615 20 98.5462265 140.15130615 0 111.71059418 127.87533569 20 111.71059418 127.87533569 0 111.30139923 127.43652344 20 111.30139923 127.43652344 0 111.18847656 127.52863312 0 111.18847656 127.52863312 20 111.18847656 128.12863159 20 111.18847656 128.12863159 0 137.18847656 128.12863159 20 137.18847656 128.12863159 0 137.18847656 127.52863312 20 137.18847656 127.52863312 0 140.92066956 127.99008179 0 140.92066956 127.99008179 20 140.92066956 128.59008789 20 140.92066956 128.59008789 0 168.92066956 128.59008789 20 168.92066956 128.59008789 0 168.92066956 127.99008179 20 168.92066956 127.99008179 0 138.59570312 102.74746704 0 138.59570312 102.74746704 20 137.99569702 102.74746704 20 137.99569702 102.74746704 0 137.99569702 118.74746704 20 137.99569702 118.74746704 0 138.59570312 118.74746704 20 138.59570312 118.74746704 0 126.70275879 118.24778748 0 126.70275879 118.24778748 20 126.70275879 118.84779358 20 126.70275879 118.84779358 0 138.70275879 118.84779358 20 138.70275879 118.84779358 0 138.70275879 118.24778748 20 138.70275879 118.24778748 0 142.9858551 118.8230896 0 142.9858551 118.8230896 20 142.9858551 119.4230957 20 142.9858551 119.4230957 0 190.9858551 119.4230957 20 190.9858551 119.4230957 0 190.9858551 118.8230896 20 190.9858551 118.8230896 0 132.97904968 113.31289673 0 132.97904968 113.31289673 20 132.97904968 113.91290283 20 132.97904968 113.91290283 0 138.57905579 113.91290283 20 138.57905579 113.91290283 0 138.57905579 113.31289673 20 138.57905579 113.31289673 0 133.59672546 113.56689453 0 133.59672546 113.56689453 20 132.99671936 113.56689453 20 132.99671936 113.56689453 0 132.99671936 118.56689453 20 132.99671936 118.56689453 0 133.59672546 118.56689453 20 133.59672546 118.56689453 0 113.88346863 166.04219055 0 113.88346863 166.04219055 20 113.32715607 166.26695251 20 113.32715607 166.26695251 0 122.69232178 189.44654846 20 122.69232178 189.44654846 0 123.24863434 189.2217865 20 123.24863434 189.2217865 0 129.61743164 155.63230896 0 129.61743164 155.63230896 20 129.1578064 156.01799011 20 129.1578064 156.01799011 0 145.87030029 175.93513489 20 145.87030029 175.93513489 0 146.32992554 175.54945374 20 146.32992554 175.54945374 0 139.18585205 142.55644226 0 139.18585205 142.55644226 20 138.9806366 143.12025452 20 138.9806366 143.12025452 0 163.41265869 152.01277161 20 163.41265869 152.01277161 0 163.61787415 151.44895935 20 163.61787415 151.44895935 0 191.28187561 118.65817261 0 191.28187561 118.65817261 20 190.68186951 118.65817261 20 190.68186951 118.65817261 0 190.68186951 204.65817261 20 190.68186951 204.65817261 0 191.28187561 204.65817261 20 191.28187561 204.65817261 0 189.19107056 204.03570557 0 189.19107056 204.03570557 20 189.19107056 204.63571167 20 189.19107056 204.63571167 0 223.19107056 204.63571167 20 223.19107056 204.63571167 0 223.19107056 204.03570557 20 223.19107056 204.03570557 0 81.45576477 251.03713989 0 81.45576477 251.03713989 20 80.85575867 251.03713989 20 80.85575867 251.03713989 0 80.85575867 271.03713989 20 80.85575867 271.03713989 0 81.45576477 271.03713989 20 81.45576477 271.03713989 0 81.13681793 290.02227783 0 81.13681793 290.02227783 20 80.53681183 290.02227783 20 80.53681183 290.02227783 0 80.53681183 314.02227783 20 80.53681183 314.02227783 0 81.13681793 314.02227783 20 81.13681793 314.02227783 0 80.9770813 270.50180054 0 80.9770813 270.50180054 20 80.9770813 271.10177612 20 80.9770813 271.10177612 0 93.5770874 271.10177612 20 93.5770874 271.10177612 0 93.5770874 270.50180054 20 93.5770874 270.50180054 0 80.79250336 290.25161743 0 80.79250336 290.25161743 20 80.79250336 290.85159302 20 80.79250336 290.85159302 0 93.39250946 290.85159302 20 93.39250946 290.85159302 0 93.39250946 290.25161743 20 93.39250946 290.25161743 0 99.5736618 290.43618774 0 99.5736618 290.43618774 20 99.5736618 291.03616333 20 99.5736618 291.03616333 0 108.5736618 291.03616333 20 108.5736618 291.03616333 0 108.5736618 290.43618774 20 108.5736618 290.43618774 0 99.75823975 270.50180054 0 99.75823975 270.50180054 20 99.75823975 271.10177612 20 99.75823975 271.10177612 0 108.75823975 271.10177612 20 108.75823975 271.10177612 0 108.75823975 270.50180054 20 108.75823975 270.50180054 0 114.74783325 270.68637085 0 114.74783325 270.68637085 20 114.74783325 271.28634644 20 114.74783325 271.28634644 0 120.34783936 271.28634644 20 120.34783936 271.28634644 0 120.34783936 270.68637085 20 120.34783936 270.68637085 0 114.6555481 290.71304321 0 114.6555481 290.71304321 20 114.6555481 291.3130188 20 114.6555481 291.3130188 0 120.2555542 291.3130188 20 120.2555542 291.3130188 0 120.2555542 290.71304321 20 120.2555542 290.71304321 0 108.93363953 292.2819519 0 108.93363953 292.2819519 20 108.93363953 292.88192749 20 108.93363953 292.88192749 0 114.53364563 292.88192749 20 114.53364563 292.88192749 0 114.53364563 292.2819519 20 114.53364563 292.2819519 0 109.02592468 268.84057617 0 109.02592468 268.84057617 20 109.02592468 269.44055176 20 109.02592468 269.44055176 0 114.62593079 269.44055176 20 114.62593079 269.44055176 0 114.62593079 268.84057617 20 114.62593079 268.84057617 0 93.70597076 268.5637207 0 93.70597076 268.5637207 20 93.70597076 269.16369629 20 93.70597076 269.16369629 0 99.30597687 269.16369629 20 99.30597687 269.16369629 0 99.30597687 268.5637207 20 99.30597687 268.5637207 0 93.89054871 292.09738159 0 93.89054871 292.09738159 20 93.89054871 292.69735718 20 93.89054871 292.69735718 0 99.49055481 292.69735718 20 99.49055481 292.69735718 0 99.49055481 292.09738159 20 99.49055481 292.09738159 0 66.62901306 245.97714233 0 66.62901306 245.97714233 20 66.02901459 245.97714233 20 66.02901459 245.97714233 0 66.02900696 317.97714233 20 66.02900696 317.97714233 0 66.62900543 317.97714233 20 66.62900543 317.97714233 0 231.43942261 208.73181152 0 231.43942261 208.73181152 20 230.8394165 208.73181152 20 230.8394165 208.73181152 0 230.8394165 254.73181152 20 230.8394165 254.73181152 0 231.43942261 254.73181152 20 231.43942261 254.73181152 0 221.45770264 208.1333313 0 221.45770264 208.1333313 20 221.45770264 208.7333374 20 221.45770264 208.7333374 0 231.45770264 208.7333374 20 231.45770264 208.7333374 0 231.45770264 208.1333313 20 231.45770264 208.1333313 0 222.46894836 204.37081909 0 222.46894836 204.37081909 20 221.86894226 204.37081909 20 221.86894226 204.37081909 0 221.86894226 208.37081909 20 221.86894226 208.37081909 0 222.46894836 208.37081909 20 222.46894836 208.37081909 0 221.33638 254.1728363 0 221.33638 254.1728363 20 221.33638 254.77284241 20 221.33638 254.77284241 0 231.33638 254.77284241 20 231.33638 254.77284241 0 231.33638 254.1728363 20 231.33638 254.1728363 0 221.33638 259.34103394 0 221.33638 259.34103394 20 221.33638 259.94100952 20 221.33638 259.94100952 0 231.33638 259.94100952 20 231.33638 259.94100952 0 231.33638 259.34103394 20 231.33638 259.34103394 0 222.00094604 254.53741455 0 222.00094604 254.53741455 20 221.40093994 254.53741455 20 221.40093994 254.53741455 0 221.40093994 259.53741455 20 221.40093994 259.53741455 0 222.00094604 259.53741455 20 222.00094604 259.53741455 0 231.41441345 259.96398926 0 231.41441345 259.96398926 20 230.81440735 259.96398926 20 230.81440735 259.96398926 0 230.81440735 264.96398926 20 230.81440735 264.96398926 0 231.41441345 264.96398926 20 231.41441345 264.96398926 0 231.20620728 297.84060669 0 231.20620728 297.84060669 20 230.60620117 297.84060669 20 230.60620117 297.84060669 0 230.60620117 303.44058228 20 230.60620117 303.44058228 0 231.20620728 303.44058228 20 231.20620728 303.44058228 0 221.31460571 303.28588867 0 221.31460571 303.28588867 20 221.31460571 303.88586426 20 221.31460571 303.88586426 0 231.31460571 303.88586426 20 231.31460571 303.88586426 0 231.31460571 303.28588867 20 231.31460571 303.28588867 0 221.79273987 303.71017456 0 221.79273987 303.71017456 20 221.19273376 303.71017456 20 221.19273376 303.71017456 0 221.19273376 309.31015015 20 221.19273376 309.31015015 0 221.79273987 309.31015015 20 221.79273987 309.31015015 0 221.09310913 309.04470825 0 221.09310913 309.04470825 20 221.09310913 309.64468384 20 221.09310913 309.64468384 0 231.09310913 309.64468384 20 231.09310913 309.64468384 0 231.09310913 309.04470825 20 231.09310913 309.04470825 0 73.82355499 312.55221558 0 73.82355499 312.55221558 20 73.22354889 312.55221558 20 73.22354889 312.55221558 0 73.22354889 317.75222778 20 73.22354889 317.75222778 0 73.82355499 317.75222778 20 73.82355499 317.75222778 0 66.24555969 317.34762573 0 66.24555969 317.34762573 20 66.24555969 317.94760132 20 66.24555969 317.94760132 0 73.44555664 317.94760132 20 73.44555664 317.94760132 0 73.44555664 317.34762573 20 73.44555664 317.34762573 0 93.62425995 290.55136108 0 93.62425995 290.55136108 20 93.03337097 290.6555481 20 93.03337097 290.6555481 0 93.38066864 292.62515259 20 93.38066864 292.62515259 0 93.97155762 292.52096558 20 93.97155762 292.52096558 0 108.89892578 290.65817261 0 108.89892578 290.65817261 20 108.3080368 290.76235962 20 108.3080368 290.76235962 0 108.65533447 292.73196411 20 108.65533447 292.73196411 0 109.24622345 292.6277771 20 109.24622345 292.6277771 0 94.09973907 268.8651123 0 94.09973907 268.8651123 20 93.5088501 268.76092529 20 93.5088501 268.76092529 0 93.16155243 270.73052979 20 93.16155243 270.73052979 0 93.75244141 270.8347168 20 93.75244141 270.8347168 0 109.41712952 269.12145996 0 109.41712952 269.12145996 20 108.82624054 269.01727295 20 108.82624054 269.01727295 0 108.47894287 270.98687744 20 108.47894287 270.98687744 0 109.06983185 271.09106445 20 109.06983185 271.09106445 0 100.06005859 290.6555481 0 100.06005859 290.6555481 20 99.46916962 290.55136108 20 99.46916962 290.55136108 0 99.12187195 292.52096558 20 99.12187195 292.52096558 0 99.71276093 292.62515259 20 99.71276093 292.62515259 0 115.24927521 290.84780884 0 115.24927521 290.84780884 20 114.65838623 290.74362183 20 114.65838623 290.74362183 0 114.31108856 292.71322632 20 114.31108856 292.71322632 0 114.90197754 292.81741333 20 114.90197754 292.81741333 0 99.73412323 268.86773682 0 99.73412323 268.86773682 20 99.14323425 268.97192383 20 99.14323425 268.97192383 0 99.49053192 270.94152832 20 99.49053192 270.94152832 0 100.0814209 270.83734131 20 100.0814209 270.83734131 0 115.05151367 269.05999756 0 115.05151367 269.05999756 20 114.46062469 269.16418457 20 114.46062469 269.16418457 0 114.80792236 271.13378906 20 114.80792236 271.13378906 0 115.39881134 271.02960205 20 115.39881134 271.02960205 0 69.46598053 243.59031677 0 69.46598053 243.59031677 20 69.46598053 244.19032288 20 69.46598053 244.19032288 0 78.06598663 244.19032288 20 78.06598663 244.19032288 0 78.06598663 243.59031677 20 78.06598663 243.59031677 0 66.09640503 245.4730072 0 66.09640503 245.4730072 20 66.09640503 246.07301331 20 66.09640503 246.07301331 0 69.69641113 246.07301331 20 69.69641113 246.07301331 0 69.69641113 245.4730072 20 69.69641113 245.4730072 0 76.78649902 313.39764404 0 76.78649902 313.39764404 20 76.78649902 313.99761963 20 76.78649902 313.99761963 0 80.78649902 313.99761963 20 80.78649902 313.99761963 0 80.78649902 313.39764404 20 80.78649902 313.39764404 0 73.27951813 312.19787598 0 73.27951813 312.19787598 20 73.27951813 312.79785156 20 73.27951813 312.79785156 0 77.27951813 312.79785156 20 77.27951813 312.79785156 0 77.27951813 312.19787598 20 77.27951813 312.19787598 0 77.29506683 312.48843384 0 77.29506683 312.48843384 20 76.69506073 312.48843384 20 76.69506073 312.48843384 0 76.69506073 313.98843384 20 76.69506073 313.98843384 0 77.29506683 313.98843384 20 77.29506683 313.98843384 0 80.10595703 245.9160614 0 80.10595703 245.9160614 20 79.50595093 245.9160614 20 79.50595093 245.9160614 0 79.50595093 251.11607361 20 79.50595093 251.11607361 0 80.10595703 251.11607361 20 80.10595703 251.11607361 0 69.91394806 243.7775116 0 69.91394806 243.7775116 20 69.31394196 243.7775116 20 69.31394196 243.7775116 0 69.31394196 245.7775116 20 69.31394196 245.7775116 0 69.91394806 245.7775116 20 69.91394806 245.7775116 0 78.45921326 243.86653137 0 78.45921326 243.86653137 20 77.85920715 243.86653137 20 77.85920715 243.86653137 0 77.85920715 245.86653137 20 77.85920715 245.86653137 0 78.45921326 245.86653137 20 78.45921326 245.86653137 0 77.97325897 245.45959473 0 77.97325897 245.45959473 20 77.97325897 246.05960083 20 77.97325897 246.05960083 0 79.97325897 246.05960083 20 79.97325897 246.05960083 0 79.97325897 245.45959473 20 79.97325897 245.45959473 0 79.57549286 250.71138 0 79.57549286 250.71138 20 79.57549286 251.31138611 20 79.57549286 251.31138611 0 81.57549286 251.31138611 20 81.57549286 251.31138611 0 81.57549286 250.71138 20 81.57549286 250.71138 0 98.08912659 193.09828186 0 98.08912659 193.09828186 20.00000381 98.12272644 193.69734192 20.00000381 98.12272644 193.69734192 0 98.62187195 193.66807556 20.00000381 98.62187195 193.66809082 0 98.58827209 193.06903076 20.00000381 98.58827209 193.06903076 0 99.12175751 193.63879395 20 99.12175751 193.63879395 0 99.0858078 193.03987122 20.00000191 99.0858078 193.03987122 0 99.62161255 193.60762024 20.00000381 99.62161255 193.60762024 0 99.58306885 193.00886536 20.00000381 99.58306885 193.00886536 0 100.12136078 193.57432556 20.00000381 100.12136078 193.57432556 0 100.0801239 192.97575378 20.00000381 100.0801239 192.97575378 0 100.62097931 193.53881836 20.00000381 100.62097931 193.53881836 0 100.57697296 192.94042969 20.00000381 100.57697296 192.94042969 0 101.12046051 193.50099182 20 101.12046051 193.50099182 0 101.07359314 192.90283203 20 101.07359314 192.90283203 0 101.61978149 193.46078491 20.00000191 101.61978149 193.46078491 0 101.56997681 192.862854 20.00000191 101.56997681 192.862854 0 102.11891174 193.41802979 20.00000954 102.11891174 193.41802979 0 102.06609344 192.82035828 20.00000954 102.06609344 192.82035828 0 102.61782074 193.37251282 20.00000954 102.61782074 193.37251282 0 102.56192017 192.77513123 20.00000763 102.56192017 192.77513123 0 103.11650848 193.32444763 20.00000191 103.11650848 193.32444763 0 103.05747223 192.72735596 20.00000191 103.05747223 192.72735596 0 103.61495209 193.27377319 20.00000191 103.61495209 193.27377319 0 103.55273438 192.67700195 20.00000191 103.55273438 192.67700195 0 104.11313629 193.22042847 20.00000954 104.11313629 193.22044373 0 104.04769135 192.62400818 20.00000954 104.04769135 192.62402344 0 104.61103058 193.16441345 20.00000381 104.61103058 193.16441345 0 104.54232788 192.56835938 20.00000381 104.54232788 192.56835938 0 105.10861969 193.10566711 20.00000191 105.10861969 193.10566711 0 105.03664398 192.51000977 20.00000191 105.03664398 192.51000977 0 105.60588074 193.04420471 20.00000191 105.60588074 193.04420471 0 105.53062439 192.44894409 20.00000191 105.53062439 192.44894409 0 106.10280609 192.97998047 20.00000191 106.10280609 192.97998047 0 106.02425385 192.38514709 20.00000191 106.02425385 192.38514709 0 106.5993576 192.9130249 20.00000954 106.5993576 192.9130249 0 106.51752472 192.31863403 20.00000954 106.51752472 192.31863403 0 107.09553528 192.84332275 20.00000381 107.09553528 192.84332275 0 107.01042938 192.24938965 20.00000381 107.01042175 192.24938965 0 107.59131622 192.77090454 20.00000763 107.59131622 192.77090454 0 107.50295258 192.17744446 20.00000763 107.50295258 192.17745972 0 108.08668518 192.69578552 20.00000954 108.08668518 192.69578552 0 107.9950943 192.10281372 20.00000954 107.9950943 192.10281372 0 108.58163452 192.61798096 20.00000381 108.58163452 192.61798096 0 108.48684692 192.0255127 20.00000381 108.48684692 192.0255127 0 109.07614136 192.53752136 20.00000191 109.07614899 192.53752136 0 108.97820282 191.9455719 20.00000191 108.97820282 191.9455719 0 109.57021332 192.45445251 20.00000381 109.57021332 192.45445251 0 109.46915436 191.86302185 20.00000381 109.46915436 191.86302185 0 110.06382751 192.36878967 20.00000763 110.06382751 192.36878967 0 109.95968628 191.77789307 20.00000763 109.95968628 191.77789307 0 110.55697632 192.28057861 20.00000381 110.55697632 192.28059387 0 110.44980621 191.69023132 20.00000381 110.44980621 191.69023132 0 111.04965973 192.18986511 20.00000954 111.04965973 192.18988037 0 110.93950653 191.60006714 20.00000954 110.93950653 191.60006714 0 111.54186249 192.09667969 20.00000191 111.54186249 192.09667969 0 111.42877197 191.50744629 20.00000191 111.42877197 191.50744629 0 112.03359222 192.00106812 20.00000191 112.03359222 192.00106812 0 111.91759491 191.41238403 20.00000191 111.91759491 191.41238403 0 112.52483368 191.9030304 20.00000381 112.52483368 191.90304565 0 112.40597534 191.31492615 20.00000381 112.40597534 191.31492615 0 113.01557922 191.80264282 20.00000381 113.01557922 191.80264282 0 112.89390564 191.21511841 20.00000381 112.89390564 191.21511841 0 113.50583649 191.69992065 20.00000381 113.50583649 191.69992065 0 113.38137817 191.11297607 20.00000381 113.38137817 191.11297607 0 113.99559784 191.59489441 20.00000381 113.99559784 191.59489441 0 113.86837769 191.00852966 20.00000381 113.86837769 191.00852966 0 114.48484802 191.48753357 20.00000191 114.48484802 191.48753357 0 114.35489655 190.90177917 20.00000191 114.35489655 190.90177917 0 114.97357941 191.37789917 20.00000381 114.97357941 191.37789917 0 114.84091949 190.79273987 20.00000381 114.84091949 190.79273987 0 115.46180725 191.26599121 20.00000763 115.46180725 191.26599121 0 115.3264389 190.68147278 20.00000763 115.3264389 190.68147278 0 115.94950104 191.15185547 20.00000191 115.94950104 191.15185547 0 115.81144714 190.56794739 20.00000191 115.81144714 190.56794739 0 116.4366684 191.03546143 20.00000191 116.4366684 191.03546143 0 116.2959137 190.45219421 20.00000191 116.2959137 190.45219421 0 116.9233017 190.91680908 20 116.9233017 190.91680908 0 116.77983093 190.33421326 20.00000191 116.77983093 190.33421326 0 117.40937805 190.79588318 20.00000381 117.40937805 190.79588318 0 117.26317596 190.21395874 20.00000381 117.26317596 190.213974 0 117.89489746 190.67266846 20.00000763 117.89489746 190.67266846 0 117.7459259 190.09146118 20.00000954 117.7459259 190.09146118 0 118.37982941 190.5471344 20.00000763 118.37982941 190.54711914 0 118.22805023 189.96664429 20.00000763 118.22805023 189.96664429 0 118.86415863 190.41921997 20 118.86416626 190.41921997 0 118.70951843 189.8394928 20 118.70951843 189.8394928 0 119.3478775 190.28887939 20.00000381 119.3478775 190.28887939 0 119.19029999 189.70994568 20.00000381 119.19029999 189.70994568 0 119.83094788 190.15606689 20.00000381 119.83094025 190.15606689 0 119.67034149 189.57795715 20.00000191 119.67034149 189.57795715 0 120.3133316 190.02067566 20.00000191 120.3133316 190.02067566 0 120.1496048 189.44343567 20.00000191 120.1496048 189.44345093 0 120.79501343 189.88261414 20.00000381 120.79501343 189.88261414 0 120.62802887 189.30632019 20.00000381 120.62802887 189.30632019 0 121.27593994 189.74177551 20.00000191 121.27593994 189.74177551 0 121.1055603 189.16647339 20.00000191 121.1055603 189.16647339 0 121.75606537 189.59802246 20.00000381 121.75606537 189.59802246 0 121.58210754 189.02380371 20.00000381 121.58210754 189.02380371 0 122.2353363 189.45120239 20.00000381 122.23532867 189.45120239 0 122.0575943 188.87812805 20.00000381 122.0575943 188.87812805 0 122.71366882 189.3011322 20.00000381 122.71366882 189.3011322 0 122.53194427 188.72930908 20.00000381 122.53194427 188.72930908 0 98.24506378 168.97663879 1.91E-06 98.24506378 168.97663879 20.00000763 98.30288696 169.57385254 20.00000763 98.30288696 169.57385254 1.91E-06 98.6207428 169.54289246 20 98.6207428 169.54289246 9.5E-07 98.56090546 168.94589233 20 98.56090546 168.94589233 9.5E-07 98.93841553 169.51016235 20 98.9384079 169.51016235 9.5E-07 98.87652588 168.9133606 20 98.87652588 168.9133606 9.5E-07 99.25601196 169.47680664 20.00000763 99.25601196 169.47680664 1.91E-06 99.19206238 168.88021851 20.00000763 99.19206238 168.88021851 1.91E-06 99.57347107 169.44221497 20.00000381 99.57347107 169.44221497 9.5E-07 99.50745392 168.84585571 20.00000381 99.50745392 168.84585571 9.5E-07 99.89079285 169.40641785 20.00000381 99.89079285 169.40641785 9.5E-07 99.82269287 168.81028748 20.00000381 99.82269287 168.81028748 9.5E-07 100.20803833 169.36997986 20 100.20803833 169.36997986 9.5E-07 100.13785553 168.77409363 20 100.13785553 168.77410889 9.5E-07 100.52506256 169.33171082 20.00000381 100.52506256 169.33171082 9.5E-07 100.45277405 168.73606873 20.00000381 100.45277405 168.73606873 9.5E-07 100.8420105 169.29278564 20 100.8420105 169.29278564 9.5E-07 100.7676239 168.69741821 20 100.7676239 168.69741821 9.5E-07 101.15880585 169.25265503 20 101.15880585 169.25265503 9.5E-07 101.08230591 168.657547 20.00000572 101.08230591 168.65756226 9.5E-07 101.47543335 169.21124268 20.00000381 101.47543335 169.21124268 9.5E-07 101.39683533 168.6164093 20.00000381 101.39683533 168.6164093 9.5E-07 101.79197693 169.16914368 20.00000763 101.79197693 169.16914368 1.91E-06 101.71126556 168.57460022 20.00000763 101.71126556 168.57460022 1.91E-06 102.108284 169.12536621 20.00000572 102.108284 169.12536621 1.91E-06 102.02548218 168.53111267 20.00000572 102.02548218 168.53111267 1.91E-06 102.42448425 169.08076477 20 102.42448425 169.08076477 9.5E-07 102.33958435 168.48680115 20 102.33958435 168.48680115 9.5E-07 102.74054718 169.03517151 20.00000572 102.74054718 169.03518677 1.91E-06 102.65355682 168.44151306 20.00000572 102.65356445 168.44151306 9.5E-07 103.05639648 168.98809814 20.00001335 103.05639648 168.98809814 1.91E-06 102.96733093 168.39474487 20.00001335 102.96733093 168.39474487 1.91E-06 103.37213898 168.94033813 20.00000763 103.37213898 168.94033813 1.91E-06 103.28101349 168.3473053 20.00000763 103.28101349 168.3473053 1.91E-06 103.68767548 168.89118958 20.00000763 103.68767548 168.89118958 1.91E-06 103.59449768 168.29847717 20.00000763 103.59449768 168.29847717 1.91E-06 104.00305176 168.84098816 20.00000572 104.00305176 168.84098816 9.5E-07 103.90783691 168.24858093 20.00000381 103.90783691 168.24859619 9.5E-07 104.3183136 168.79008484 20.00000572 104.3183136 168.79008484 9.5E-07 104.22107697 168.19801331 20.00000381 104.22107697 168.19801331 9.5E-07 104.63330841 168.73747253 20 104.63330841 168.73747253 9.5E-07 104.53407288 168.14573669 20 104.53406525 168.14573669 9.5E-07 104.94818878 168.68417358 20 104.94818878 168.68417358 9.5E-07 104.84696198 168.09277344 20 104.84695435 168.0927887 9.5E-07 105.26290131 168.62988281 20.00000572 105.26290131 168.62988281 1.91E-06 105.15969849 168.03881836 20.00000572 105.15969849 168.03881836 1.91E-06 105.57739258 168.57423401 20.00000572 105.57739258 168.57423401 9.5E-07 105.47223663 167.98352051 20.00000572 105.47223663 167.98352051 9.5E-07 105.89176178 168.51791382 20.00000763 105.89176178 168.51791382 1.91E-06 105.78466797 167.92755127 20.00000763 105.78466797 167.92755127 1.91E-06 106.2059021 168.46029663 20.00000572 106.2059021 168.46029663 1.91E-06 106.09689331 167.87028503 20.00000572 106.09689331 167.87028503 1.91E-06 106.51986694 168.40170288 20 106.51986694 168.40170288 9.5E-07 106.40895844 167.81204224 20 106.40895844 167.81204224 9.5E-07 106.83371735 168.34243774 20.00000381 106.83371735 168.34243774 9.5E-07 106.72092438 167.75312805 20 106.72092438 167.75314331 9.5E-07 107.1472702 168.28161621 20.00000572 107.1472702 168.28161621 1.91E-06 107.03261566 167.69267273 20.00000572 107.03261566 167.69267273 1.91E-06 107.46070099 168.22013855 20 107.46070099 168.22013855 9.5E-07 107.34420013 167.63154602 20 107.34420013 167.63156128 9.5E-07 107.7739563 168.15774536 20.00000572 107.7739563 168.15774536 9.5E-07 107.65562439 167.56951904 20.00000572 107.65562439 167.5695343 9.5E-07 108.08695984 168.09408569 20 108.08695984 168.09408569 9.5E-07 107.96681976 167.50622559 20 107.96681976 167.50622559 9.5E-07 108.39984131 168.02980042 20 108.39984131 168.02980042 9.5E-07 108.2779007 167.44230652 20 108.2779007 167.44232178 9.5E-07 108.71247864 167.96434021 20.00000572 108.71247864 167.96432495 1.91E-06 108.58876038 167.37722778 20.00000572 108.58876038 167.37722778 9.5E-07 109.02492523 167.89790344 20.00000572 109.02492523 167.8979187 1.91E-06 108.89942932 167.31118774 20.00000763 108.89942932 167.31118774 1.91E-06 109.33724213 167.83088684 20 109.33724213 167.83088684 9.5E-07 109.20998383 167.24453735 20 109.20998383 167.24453735 9.5E-07 109.64925385 167.76242065 20.00000572 109.64925385 167.76242065 9.5E-07 109.52024841 167.17645264 20.00000572 109.52024841 167.17645264 9.5E-07 109.96112061 167.6933136 20.00000381 109.96112061 167.6933136 9.5E-07 109.83036804 167.10772705 20.00000381 109.83036804 167.10772705 9.5E-07 110.27280426 167.62336731 20.00000572 110.27280426 167.62336731 9.5E-07 110.14031982 167.03817749 20.00000572 110.14031982 167.03817749 9.5E-07 110.58421326 167.55218506 20.00000381 110.58421326 167.55218506 9.5E-07 110.44999695 166.96739197 20 110.44999695 166.96739197 9.5E-07 110.89547729 167.48039246 20 110.89547729 167.48040771 9.5E-07 110.75953674 166.89599609 20 110.75953674 166.89601135 9.5E-07 111.20648956 167.40753174 20.00000572 111.20648956 167.40751648 9.5E-07 111.06882477 166.8235321 20.00000572 111.06882477 166.8235321 9.5E-07 111.51728058 167.3336792 20 111.51728058 167.3336792 9.5E-07 111.37788391 166.75010681 20 111.37788391 166.75010681 9.5E-07 111.82792664 167.25924683 20 111.82791901 167.25924683 9.5E-07 111.6867981 166.67608643 20 111.6867981 166.67608643 9.5E-07 112.13822937 167.18344116 20 112.13822937 167.18344116 9.5E-07 111.99536896 166.60069275 20 111.99536896 166.60069275 9.5E-07 112.44836426 167.10693359 20 112.44836426 167.10694885 0 112.30376434 166.52462769 20 112.30375671 166.52462769 0 112.75830078 167.02966309 20.00000572 112.75830078 167.02966309 1.91E-06 112.61194611 166.44778442 20.00000572 112.61194611 166.44778442 1.91E-06 113.06790161 166.95106506 20 113.06790161 166.95106506 9.5E-07 112.91977692 166.36964417 20 112.91977692 166.36964417 9.5E-07 113.37734222 166.87185669 20 113.37734222 166.87185669 9.5E-07 113.22743225 166.2908783 20 113.22743225 166.2908783 9.5E-07 113.68650055 166.7915802 20.00000763 113.68650055 166.7915802 9.5E-07 113.53479004 166.21107483 20.00000572 113.53479004 166.21107483 9.5E-07 113.99536896 166.71022034 20.00000572 113.99536133 166.71022034 9.5E-07 113.84182739 166.13020325 20.00000572 113.84182739 166.13020325 1.91E-06 122.54763794 188.64840698 9.5E-07 122.54763794 188.64840698 20.00000381 122.76585388 189.20730591 20.00000381 122.76586151 189.20730591 9.5E-07 123.26872253 189.00860596 20 123.26872253 189.00860596 9.5E-07 123.04919434 188.45021057 20 123.04919434 188.45021057 9.5E-07 123.77257538 188.80879211 20.00000191 123.77257538 188.80879211 9.5E-07 123.54925537 188.25189209 20 123.54925537 188.25189209 9.5E-07 124.2750473 188.60554504 20 124.2750473 188.60554504 9.5E-07 124.047966 188.0501709 20 124.047966 188.05018616 9.5E-07 124.77593231 188.39846802 20 124.77592468 188.39846802 9.5E-07 124.5451355 187.84461975 20 124.5451355 187.84461975 9.5E-07 125.27544403 188.18814087 20 125.27544403 188.18814087 9.5E-07 125.04096222 187.63586426 20 125.04096222 187.63586426 9.5E-07 125.77358246 187.97460938 20.00000381 125.77358246 187.97460938 9.5E-07 125.53544617 187.42388916 20.00000381 125.53544617 187.42388916 9.5E-07 126.27031708 187.75784302 20.00000381 126.27031708 187.75784302 9.5E-07 126.02855682 187.20870972 20.00000381 126.02855682 187.20870972 9.5E-07 126.765625 187.53787231 20 126.765625 187.53787231 9.5E-07 126.52026367 186.99034119 20 126.52026367 186.99034119 9.5E-07 127.25948334 187.31469727 20 127.25948334 187.31469727 9.5E-07 127.01055145 186.76878357 20 127.01055908 186.76878357 9.5E-07 127.75188446 187.08831787 20 127.75188446 187.08831787 9.5E-07 127.49940491 186.54403687 20 127.49940491 186.54403687 9.5E-07 128.24279785 186.85874939 20.00000381 128.24279785 186.85876465 9.5E-07 127.98678589 186.31611633 20.00000381 127.98678589 186.31611633 9.5E-07 128.73220825 186.62600708 20.00000763 128.73220825 186.62600708 9.5E-07 128.47267151 186.08503723 20.00000763 128.47267151 186.08503723 9.5E-07 129.22010803 186.39006042 19.99999619 129.22010803 186.39006042 9.5E-07 128.95706177 185.85079956 19.99999619 128.95706177 185.85079956 9.5E-07 129.70640564 186.15087891 20 129.70640564 186.15087891 9.5E-07 129.43986511 185.61332703 20 129.43986511 185.61332703 9.5E-07 130.19111633 185.90849304 20.00000381 130.19111633 185.90849304 9.5E-07 129.92108154 185.37269592 20.00000381 129.92108154 185.37269592 9.5E-07 130.67427063 185.66297913 20.00000381 130.67427063 185.66297913 9.5E-07 130.40074158 185.12895203 20.00000191 130.40074158 185.12895203 9.5E-07 131.1558075 185.4143219 20.00000381 131.1558075 185.4143219 9.5E-07 130.87879944 184.88209534 20.00000381 130.87879944 184.88209534 9.5E-07 131.63572693 185.16253662 20.00000381 131.63572693 185.16253662 9.5E-07 131.35523987 184.63214111 20.00000381 131.35523987 184.63214111 9.5E-07 132.11399841 184.90760803 20.00000381 132.11399841 184.90760803 9.5E-07 131.83001709 184.3790741 20.00000381 131.83001709 184.3790741 9.5E-07 132.59059143 184.64952087 20.00000381 132.59059143 184.64952087 9.5E-07 132.30310059 184.12287903 20.00000381 132.30310059 184.12287903 9.5E-07 133.06546021 184.38829041 20.00000191 133.06546021 184.38829041 9.5E-07 132.7744751 183.86357117 20.00000191 132.7744751 183.86357117 9.5E-07 133.53857422 184.12385559 20.00000381 133.53857422 184.12385559 9.5E-07 133.24409485 183.60108948 20.00000381 133.24409485 183.60108948 9.5E-07 134.00987244 183.85618591 20.00000381 134.00987244 183.85618591 9.5E-07 133.71188354 183.3354187 20.00000381 133.71188354 183.3354187 9.5E-07 134.47937012 183.58534241 20 134.47937012 183.58534241 9.5E-07 134.17785645 183.06658936 20 134.17785645 183.06658936 9.5E-07 134.94703674 183.31130981 20.00000381 134.94703674 183.31130981 9.5E-07 134.64199829 182.79463196 20.00000381 134.64199829 182.79463196 9.5E-07 135.41282654 183.03411865 20 135.41282654 183.03411865 9.5E-07 135.10427856 182.51953125 20 135.10427856 182.51951599 9.5E-07 135.87672424 182.75375366 20.00000381 135.87672424 182.75375366 9.5E-07 135.56466675 182.24127197 20.00000381 135.56466675 182.24127197 9.5E-07 136.33869934 182.4702301 20.00000381 136.33869934 182.4702301 9.5E-07 136.02314758 181.9598999 20.00000381 136.02314758 181.9598999 9.5E-07 136.79873657 182.18356323 20.00000381 136.79873657 182.18356323 9.5E-07 136.47970581 181.67541504 20.00000381 136.47970581 181.67541504 9.5E-07 137.25680542 181.89376831 20.00000381 137.25680542 181.89376831 9.5E-07 136.93431091 181.38781738 20.00000191 136.93431091 181.38781738 9.5E-07 137.71289062 181.60089111 20.00000381 137.71289062 181.60089111 9.5E-07 137.38696289 181.09712219 20.00000381 137.38696289 181.09713745 9.5E-07 138.16697693 181.30493164 20.00000381 138.16697693 181.30493164 9.5E-07 137.83766174 180.8033905 20.00000381 137.83766174 180.8033905 9.5E-07 138.61904907 181.00595093 20.00000381 138.61904907 181.00595093 9.5E-07 138.28637695 180.50662231 20.00000381 138.28637695 180.50662231 9.5E-07 139.06910706 180.70399475 20.00000381 139.06910706 180.70399475 9.5E-07 138.73313904 180.2068634 20.00000381 138.73313904 180.2068634 9.5E-07 139.51715088 180.39909363 20.00000381 139.51715088 180.39909363 9.5E-07 139.177948 179.9041748 20.00000381 139.177948 179.90415955 9.5E-07 139.96318054 180.09130859 20 139.96318054 180.09130859 9.5E-07 139.62081909 179.59857178 20 139.62081909 179.59857178 9.5E-07 140.4072113 179.78071594 20 140.4072113 179.7807312 9.5E-07 140.06175232 179.29014587 20 140.06175232 179.29014587 9.5E-07 140.84925842 179.46739197 20.00000381 140.84925842 179.46739197 9.5E-07 140.50080872 178.97895813 20.00000381 140.50080872 178.97895813 9.5E-07 141.28936768 179.15141296 20.00000381 141.28936768 179.15141296 9.5E-07 140.93798828 178.66505432 20.00000381 140.93798828 178.66506958 9.5E-07 141.72753906 178.83285522 20 141.72753906 178.83285522 9.5E-07 141.37333679 178.34855652 20 141.37333679 178.34855652 9.5E-07 142.16383362 178.51179504 20 142.16383362 178.51179504 9.5E-07 141.80690002 178.0295105 20 141.80690002 178.0295105 9.5E-07 142.59828186 178.18835449 19.99999619 142.59828186 178.18835449 9.5E-07 142.2387085 177.70802307 20 142.2387085 177.70802307 9.5E-07 143.03094482 177.86260986 20.00000381 143.03094482 177.86260986 9.5E-07 142.6688385 177.38418579 20.00000381 142.6688385 177.38418579 9.5E-07 143.46186829 177.53466797 20.00000191 143.46186829 177.53466797 9.5E-07 143.09733582 177.05809021 20.00000381 143.09733582 177.05809021 9.5E-07 143.89111328 177.20462036 20.00000381 143.89111328 177.20463562 9.5E-07 143.52426147 176.72984314 20.00000381 143.52426147 176.72984314 9.5E-07 144.31874084 176.87258911 20 144.31874084 176.87258911 9.5E-07 143.94966125 176.39955139 20 143.94966125 176.39955139 9.5E-07 144.74484253 176.53866577 20 144.74484253 176.53866577 9.5E-07 144.37361145 176.06729126 20 144.37361145 176.06729126 9.5E-07 145.16944885 176.20294189 20.00000381 145.16944885 176.20294189 9.5E-07 144.7961731 175.73318481 20.00000191 144.7961731 175.73318481 9.5E-07 145.59249878 175.86534119 20.00000191 145.59249878 175.86534119 9.5E-07 145.21728516 175.3971405 20 145.21728516 175.3971405 9.5E-07 146.0146637 175.52845764 19.99999619 146.0146637 175.52845764 9.5E-07 145.63926697 175.06039429 20 145.63926697 175.06039429 9.5E-07 113.52954102 166.31159973 0 113.52954102 166.31159973 20 113.73526764 166.87522888 20 113.73526764 166.87522888 0 114.09145355 166.74282837 20 114.09145355 166.74282837 0 113.88573456 166.17919922 20 113.88573456 166.17919922 0 114.45051575 166.609375 20 114.45051575 166.609375 0 114.23864746 166.04801941 20 114.23864746 166.04801941 0 114.80844116 166.47184753 20.00000191 114.80844116 166.47184753 0 114.58970642 165.91314697 20.00000191 114.58970642 165.91314697 0 115.1646347 166.32991028 20.00000191 115.1646347 166.32991028 0 114.93907166 165.77392578 20.00000381 114.93907166 165.77392578 0 115.51900482 166.18351746 20 115.51900482 166.18351746 0 115.28666687 165.63031006 20 115.28666687 165.63032532 0 115.87155151 166.0328064 20 115.87155151 166.03282166 0 115.63251495 165.48248291 20 115.63251495 165.48248291 0 116.222229 165.87788391 20.00000191 116.222229 165.87788391 0 115.97657013 165.33047485 20.00000191 115.97657013 165.33047485 0 116.57099915 165.71876526 20.00000381 116.57099915 165.71876526 0 116.31880188 165.17433167 20.00000381 116.31880188 165.17434692 0 116.91781616 165.55552673 20 116.91781616 165.55554199 0 116.65919495 165.01412964 19.99999619 116.65920258 165.01412964 0 117.26265717 165.38825989 20.00000381 117.26266479 165.38827515 0 116.99773407 164.84991455 20.00000381 116.99773407 164.84992981 0 117.6055069 165.21704102 20.00000381 117.6055069 165.21704102 0 117.33439636 164.68177795 20.00000381 117.33439636 164.68177795 0 117.94632721 165.04193115 20 117.94632721 165.04193115 0 117.66915894 164.50978088 20 117.66915894 164.50978088 0 118.28511047 164.86302185 20.00000381 118.2851181 164.86303711 0 118.00202942 164.33401489 20.00000191 118.00202942 164.33401489 0 118.62185669 164.68043518 20.00000381 118.62185669 164.68043518 0 118.33300018 164.15454102 20.00000381 118.33300018 164.15455627 0 118.95655823 164.49423218 20.00000381 118.95655823 164.49424744 0 118.66207123 163.97148132 20.00000191 118.66207123 163.97148132 0 119.28919983 164.30451965 20.00000763 119.28919983 164.30453491 0 118.98923492 163.78488159 20.00000763 118.98923492 163.78489685 0 119.61980438 164.11140442 20.00000763 119.61980438 164.11140442 0 119.31451416 163.59487915 20.00000381 119.31451416 163.59487915 0 119.94837189 163.91496277 20.00000191 119.94837189 163.91496277 0 119.63790894 163.40153503 20 119.63790894 163.40153503 0 120.27490997 163.71530151 20.00000381 120.27490997 163.71531677 0 119.95943451 163.2049408 20.00000381 119.95943451 163.2049408 0 120.59944916 163.51252747 20.00000381 120.59944916 163.51252747 0 120.27909851 163.00520325 20 120.27909851 163.00520325 0 120.92199707 163.30673218 20.00000381 120.92199707 163.30673218 0 120.59693146 162.80241394 20.00000381 120.59693146 162.80241394 0 121.2425766 163.09799194 20.00000381 121.2425766 163.0980072 0 120.91294098 162.59666443 20 120.91294098 162.59666443 0 121.56121826 162.88642883 20.00000381 121.56121063 162.88642883 0 121.22714996 162.38803101 20.00000763 121.22714996 162.38803101 0 121.87793732 162.67211914 20.00000381 121.87793732 162.6721344 0 121.53958893 162.17662048 20.00000381 121.53958893 162.17662048 0 122.19276428 162.45516968 20.00000191 122.19276428 162.45516968 0 121.85027313 161.96252441 20.00000191 121.85027313 161.96252441 0 122.5057373 162.23564148 20.00000191 122.5057373 162.23564148 0 122.15923309 161.74580383 20.00000191 122.15923309 161.74581909 0 122.81687927 162.01364136 20.00000381 122.8168869 162.01364136 0 122.4664917 161.52658081 20.00000381 122.4664917 161.52658081 0 123.12622833 161.78923035 20.00000381 123.12622833 161.78923035 0 122.77207947 161.30490112 20.00000381 122.77207947 161.30490112 0 123.43380737 161.56251526 20.00000381 123.43380737 161.56251526 0 123.07601929 161.08085632 20.00000381 123.07601929 161.08087158 0 123.73965454 161.33355713 20 123.73965454 161.33355713 0 123.37834167 160.85453796 20 123.37834167 160.85453796 0 124.04380798 161.10243225 20 124.04380798 161.10243225 0 123.67907715 160.62600708 20 123.67907715 160.62600708 0 124.34628296 160.86920166 20.00000191 124.34628296 160.86920166 0 123.97824097 160.39533997 20.00000191 123.97824097 160.39533997 0 124.64712524 160.63395691 20 124.64713287 160.63395691 0 124.27587891 160.16259766 20 124.27587891 160.16261292 0 124.94637299 160.39674377 20.00000381 124.94637299 160.39675903 0 124.57200623 159.9278717 20.00000191 124.57200623 159.9278717 0 125.24404907 160.15763855 20.00000381 125.24404907 160.15765381 0 124.86665344 159.69119263 20.00000191 124.86666107 159.69119263 0 125.54003906 159.91653442 20 125.54003906 159.91653442 0 125.15972137 159.45246887 20 125.15972137 159.45246887 0 125.83444214 159.67355347 20.00000381 125.83444214 159.67356873 0 125.45127869 159.21183777 20.00000381 125.45127869 159.21185303 0 126.12736511 159.42884827 20.00000381 126.12736511 159.42886353 0 125.74143219 158.96943665 20.00000381 125.74143219 158.9694519 0 126.41881561 159.1824646 20 126.41882324 159.18247986 0 126.03019714 158.7253418 20 126.03019714 158.7253418 0 126.70884705 158.93444824 20.00000381 126.70884705 158.9344635 0 126.31759644 158.47956848 20.00000381 126.31760406 158.47956848 0 126.99747467 158.68486023 20 126.99747467 158.68487549 0 126.60366821 158.23219299 20 126.60366821 158.23219299 0 127.284729 158.43374634 20.00000191 127.284729 158.43374634 0 126.88842773 157.98324585 20.00000191 126.88842773 157.98324585 0 127.57054901 158.18103027 20 127.57054901 158.18104553 0 127.17182159 157.73268127 20 127.17182159 157.73269653 0 127.85481262 157.92662048 20 127.85481262 157.92662048 0 127.45371246 157.48039246 20 127.45371246 157.48039246 0 128.13777161 157.67080688 20.00000191 128.13777161 157.67080688 0 127.73435211 157.22666931 20 127.73435211 157.22666931 0 128.41944885 157.41360474 20.00000191 128.41944885 157.41362 0 128.01376343 156.97154236 20 128.01376343 156.97154236 0 128.69987488 157.15509033 20 128.69987488 157.15509033 0 128.29197693 156.71507263 20 128.29197693 156.71507263 0 128.97906494 156.89527893 20 128.97906494 156.89527893 0 128.56900024 156.45727539 19.99999619 128.56900024 156.45727539 0 129.25671387 156.63383484 20.00000191 129.25671387 156.63383484 0 128.84451294 156.19781494 20 128.84451294 156.1978302 0 129.53309631 156.37109375 20 129.53309631 156.37109375 0 129.11882019 155.9370575 20 129.11882019 155.93707275 0 145.47981262 175.13800049 0 145.47981262 175.13800049 20 145.90109253 175.56524658 20 145.90109253 175.56524658 0 146.32751465 175.14230347 20 146.32751465 175.14230347 0 145.90548706 174.71582031 20 145.90548706 174.71582031 0 146.75421143 174.71789551 20 146.75421143 174.71789551 0 146.3298645 174.29371643 20 146.3298645 174.29371643 0 147.17860413 174.29107666 20.00000381 147.17860413 174.29107666 0 146.75186157 173.86930847 20.00000381 146.75187683 173.86930847 0 147.60058594 173.86181641 20 147.60058594 173.86181641 0 147.17141724 173.44252014 20 147.17141724 173.44252014 0 148.02006531 173.43002319 20 148.02006531 173.43002319 0 147.58839417 173.01329041 20 147.58839417 173.01329041 0 148.43695068 172.99563599 20 148.43695068 172.99563599 0 148.00273132 172.58157349 20 148.00273132 172.58157349 0 148.85108948 172.55854797 20 148.85108948 172.55854797 0 148.41426086 172.14723206 20 148.41426086 172.14724731 0 149.26245117 172.11878967 20.00000381 149.26245117 172.11878967 0 148.82296753 171.71031189 20.00000381 148.82296753 171.71031189 0 149.67097473 171.67634583 20.00000381 149.67097473 171.67634583 0 149.2288208 171.27076721 20.00000381 149.2288208 171.27076721 0 150.07659912 171.23118591 20.00000381 150.07659912 171.23118591 0 149.63174438 170.8285675 20.00000381 149.63174438 170.8285675 0 150.47923279 170.78327942 20.00000763 150.47923279 170.78327942 0 150.03166199 170.38368225 20.00000763 150.03166199 170.38368225 0 150.87882996 170.33261108 20 150.87882996 170.33261108 0 150.42851257 169.93609619 20 150.42851257 169.93611145 0 151.27532959 169.87918091 20.00000763 151.27532959 169.87918091 0 150.82226562 169.48580933 20.00000763 150.82226562 169.48580933 0 151.66867065 169.42298889 20.00000381 151.66867065 169.42298889 0 151.21286011 169.0328064 20.00000763 151.21286011 169.0328064 0 152.05880737 168.96403503 20.00000381 152.05880737 168.96403503 0 151.6002655 168.57707214 20.00000381 151.6002655 168.57707214 0 152.44570923 168.50234985 20.00000191 152.44570923 168.50234985 0 151.98443604 168.11862183 20.00000381 151.98443604 168.11862183 0 152.82926941 168.03785706 20.00000954 152.82926941 168.03785706 0 152.36529541 167.65742493 20.00000954 152.36529541 167.65742493 0 153.20951843 167.57066345 20.00000381 153.20953369 167.57066345 0 152.74285889 167.19354248 20.00000191 152.74285889 167.19354248 0 153.5864563 167.1007843 20.00000763 153.5864563 167.1007843 0 153.11712646 166.72697449 20.00000763 153.11712646 166.72697449 0 153.96003723 166.62823486 20.00000191 153.96003723 166.62823486 0 153.48806763 166.25776672 20.00000191 153.48806763 166.25776672 0 154.33026123 166.15306091 20.00000381 154.33027649 166.15306091 0 153.85568237 165.78594971 20.00000381 153.85568237 165.78594971 0 154.6971283 165.67527771 20 154.6971283 165.67527771 0 154.21995544 165.3115387 20.00000191 154.21995544 165.3115387 0 155.06059265 165.19493103 20.00000381 155.06059265 165.19493103 0 154.58088684 164.83456421 20.00000763 154.58088684 164.83456421 0 155.42068481 164.71205139 20.00000191 155.42068481 164.71205139 0 154.93843079 164.35505676 20.00000381 154.93844604 164.35505676 0 155.77735901 164.22665405 20.00000381 155.77735901 164.22666931 0 155.29263306 163.87306213 20.00000381 155.29263306 163.87306213 0 156.13064575 163.73878479 20 156.13064575 163.73880005 0 155.64344788 163.38858032 20 155.64344788 163.38858032 0 156.48049927 163.24847412 20.00000381 156.48049927 163.24847412 0 155.9908905 162.90167236 20.00000763 155.9908905 162.90167236 0 156.82693481 162.7557373 20.00000191 156.82695007 162.7557373 0 156.33491516 162.41235352 20.00000191 156.33491516 162.41235352 0 157.16995239 162.26060486 20.00000763 157.16995239 162.26060486 0 156.67553711 161.9206543 20.00000763 156.67553711 161.9206543 0 157.50950623 161.76309204 20 157.50950623 161.76309204 0 157.01274109 161.42660522 20 157.01274109 161.42660522 0 157.84558105 161.26322937 20 157.84558105 161.26322937 0 157.34648132 160.9302063 20 157.34648132 160.9302063 0 158.17817688 160.7610321 20.00000381 158.17817688 160.7610321 0 157.67677307 160.43151855 20.00000381 157.67677307 160.43151855 0 158.50726318 160.2565155 20.00000191 158.50726318 160.2565155 0 158.00354004 159.93052673 20.00000191 158.0035553 159.93052673 0 158.83280945 159.74969482 20.00000381 158.83280945 159.74969482 0 158.32679749 159.42726135 20.00000381 158.32679749 159.42726135 0 159.1547699 159.24057007 20.00000381 159.1547699 159.24057007 0 158.64648438 158.92173767 20.00000381 158.64648438 158.92173767 0 159.47312927 158.72915649 20 159.47312927 158.72915649 0 158.96257019 158.41397095 20 158.96257019 158.41397095 0 159.78770447 158.21539307 20 159.78770447 158.21539307 0 159.27488708 157.90391541 20 159.27488708 157.90391541 0 160.09851074 157.69929504 20.00000381 160.09851074 157.69929504 0 159.58343506 157.39157104 20.00000381 159.58343506 157.39157104 0 160.40551758 157.18089294 20 160.40551758 157.18089294 0 159.88816833 156.8769989 20 159.88816833 156.8769989 0 160.7086792 156.66018677 20.00000381 160.7086792 156.66018677 0 160.18904114 156.36019897 20.00000191 160.18904114 156.36019897 0 161.00788879 156.137146 20.00000191 161.00788879 156.137146 0 160.48597717 155.84115601 20.00000191 160.48597717 155.84115601 0 161.30308533 155.61180115 20 161.30308533 155.61180115 0 160.77888489 155.31987 20 160.77888489 155.31987 0 161.59417725 155.08409119 20.00000381 161.59417725 155.08409119 0 161.06767273 154.79634094 20.00000381 161.06767273 154.79634094 0 161.88105774 154.55401611 20 161.88105774 154.55401611 0 161.35223389 154.27056885 20 161.35223389 154.27056885 0 162.16362 154.02156067 20.00000381 162.16363525 154.02156067 0 161.63246155 153.74250793 20.00000381 161.63246155 153.74250793 0 162.4417572 153.48669434 20.00000381 162.4417572 153.48669434 0 161.90823364 153.21218872 20.00000381 161.90823364 153.21218872 0 162.71531677 152.9493866 20.00000381 162.71531677 152.9493866 0 162.17941284 152.67956543 20.00000381 162.17941284 152.67956543 0 162.98414612 152.40962219 20.00000191 162.98414612 152.40962219 0 162.44584656 152.1446228 20.00000191 162.44584656 152.1446228 0 163.2492981 151.86895752 20.00000381 163.2492981 151.86895752 0 162.70927429 151.60745239 20.00000191 162.70928955 151.60745239 0 163.51348877 151.33026123 20.00000381 163.51348877 151.33026123 0 162.97346497 151.06874084 20.00000191 162.97346497 151.06874084 0 129.49760437 156.23153687 0.00783062 129.49760437 156.23153687 20.00783157 129.94029236 156.63653564 20.00783157 129.94029236 156.63653564 0.00783062 130.16931152 156.38523865 20.00783157 130.16931152 156.38523865 0.00783062 129.72662354 155.98023987 20.00783157 129.72662354 155.98023987 0.00783062 130.39831543 156.13394165 20.00783157 130.39831543 156.13394165 0.00783062 129.9556427 155.72894287 20.00783157 129.9556427 155.72894287 0.00783062 130.62930298 155.88049316 20.00782776 130.62930298 155.88049316 0.00783062 130.18530273 155.47692871 20.00782776 130.18530273 155.47692871 0.00783062 130.85972595 155.62600708 20.00783157 130.85972595 155.62600708 0.00783062 130.41424561 155.22407532 20.00783157 130.41424561 155.22407532 0.00783062 131.08930969 155.37052917 20.00783157 131.08930969 155.37052917 0.00783062 130.64227295 154.97033691 20.00783157 130.64227295 154.97033691 0.00783062 131.31799316 155.11404419 20.00783157 131.31799316 155.11404419 0.00783062 130.86933899 154.71566772 20.00783157 130.86933899 154.71566772 0.00783062 131.54573059 154.85650635 20.00783157 131.54573059 154.85650635 0.00783062 131.09539795 154.46002197 20.00783157 131.09539795 154.46002197 0.00783062 131.77246094 154.59786987 20.00783157 131.77246094 154.59786987 0.00783062 131.32038879 154.20336914 20.00783157 131.32038879 154.20336914 0.00783062 131.99812317 154.33808899 20.00783157 131.99812317 154.33808899 0.00783062 131.54425049 153.94566345 20.00783539 131.54425049 153.94566345 0.00783062 132.22268677 154.07714844 20.00783157 132.22268677 154.07714844 0.00783062 131.76693726 153.68688965 20.00783157 131.76695251 153.68688965 0.00783062 132.44607544 153.8150177 20.00783157 132.44607544 153.8150177 0.00783062 131.98841858 153.42700195 20.00783157 131.98841858 153.42700195 0.00783062 132.66824341 153.551651 20.00783157 132.66824341 153.551651 0.00783062 132.20861816 153.16596985 20.00783157 132.20861816 153.16596985 0.00783062 132.88912964 153.28704834 20.00783157 132.88912964 153.28704834 0.00783062 132.42750549 152.90376282 20.00783157 132.42750549 152.90376282 0.00783062 133.10868835 153.02116394 20.00783157 133.10868835 153.02116394 0.00783062 132.64500427 152.64038086 20.00783157 132.64500427 152.64038086 0.00783062 133.32688904 152.7539978 20.00783539 133.32688904 152.7539978 0.00783062 132.8611145 152.3757782 20.00783539 132.8611145 152.3757782 0.00783062 133.5436554 152.48553467 20.00783157 133.5436554 152.48553467 0.00783062 133.07574463 152.10993958 20.00783157 133.07574463 152.10993958 0.00783062 133.75894165 152.21574402 20.00783157 133.75894165 152.21574402 0.00783062 133.28889465 151.84284973 20.00783157 133.28889465 151.84284973 0.00783062 133.97273254 151.94462585 20.00783157 133.97273254 151.94462585 0.00783062 133.50048828 151.57450867 20.00783157 133.50048828 151.57450867 0.00783062 134.18496704 151.67216492 20.00783539 134.18496704 151.67218018 0.00783062 133.71052551 151.30488586 20.00783539 133.71052551 151.30488586 0.00783062 134.39559937 151.39837646 20.0078392 134.39559937 151.39837646 0.00783062 133.91893005 151.03396606 20.0078392 133.91893005 151.03396606 0.00783062 134.60461426 151.12322998 20.00783157 134.60461426 151.12322998 0.00783062 134.1257019 150.76176453 20.00783157 134.1257019 150.76176453 0.00783062 134.81195068 150.84672546 20.00783157 134.81195068 150.84672546 0.00783062 134.33079529 150.48826599 20.00783157 134.33079529 150.48826599 0.00783062 135.01757812 150.56886292 20.00783157 135.01757812 150.56886292 0.00783062 134.53416443 150.21347046 20.00783157 134.53416443 150.21347046 0.00783062 135.22148132 150.28964233 20.00783157 135.22148132 150.28964233 0.00783062 134.73579407 149.93734741 20.00783157 134.73579407 149.93734741 0.00783062 135.42362976 150.00906372 20.00783157 135.4236145 150.00906372 0.00783062 134.93566895 149.65992737 20.00783157 134.93566895 149.65992737 0.00783062 135.6239624 149.72711182 20.00783157 135.6239624 149.72711182 0.00783062 135.13372803 149.38117981 20.00783157 135.13372803 149.38117981 0.00783062 135.82247925 149.44381714 20.00783157 135.82247925 149.44381714 0.00783062 135.32997131 149.10113525 20.00783157 135.32997131 149.10113525 0.00783062 136.01914978 149.15914917 20.00783157 136.01913452 149.15913391 0.00783062 135.52433777 148.81976318 20.00783157 135.52433777 148.81976318 0.00783062 136.21392822 148.87310791 20.00783157 136.21392822 148.87310791 0.00783062 135.71684265 148.53707886 20.00783157 135.71684265 148.53707886 0.00783062 136.40678406 148.58569336 20.00783539 136.40678406 148.58569336 0.00783062 135.90742493 148.25306702 20.00783157 135.90742493 148.25308228 0.00783062 136.59771729 148.29690552 20.00783157 136.59771729 148.29690552 0.00783062 136.09606934 147.96774292 20.00782776 136.09606934 147.96774292 0.00783062 136.78668213 148.00674438 20.00783157 136.78668213 148.00674438 0.00783062 136.2827301 147.68109131 20.00782776 136.2827301 147.68109131 0.00783062 136.97363281 147.71517944 20.00783157 136.97363281 147.71517944 0.00783062 136.46739197 147.39311218 20.00783157 136.46739197 147.39311218 0.00783062 137.15855408 147.42222595 20.00783157 137.15855408 147.42222595 0.00783062 136.65002441 147.10380554 20.00783157 136.65000916 147.10380554 0.00783062 137.34140015 147.12785339 20.00783157 137.34140015 147.12785339 0.00783062 136.83055115 146.81315613 20.00783157 136.83055115 146.81315613 0.00783062 137.5221405 146.83206177 20.00783157 137.5221405 146.83206177 0.00783062 137.00897217 146.52114868 20.00783539 137.00897217 146.52114868 0.00783062 137.70072937 146.53482056 20.00783157 137.70072937 146.53482056 0.00783062 137.18522644 146.22779846 20.00783157 137.18522644 146.22779846 0.00783062 137.87710571 146.23612976 20.00782776 137.87710571 146.23612976 0.00783062 137.35926819 145.93305969 20.00782776 137.35926819 145.93307495 0.00783062 138.05123901 145.9359436 20.00783157 138.05123901 145.9359436 0.00783062 137.53105164 145.63696289 20.00783157 137.53105164 145.63696289 0.00783062 138.22306824 145.63424683 20.00783157 138.22306824 145.63424683 0.00783062 137.70048523 145.33944702 20.00783157 137.70048523 145.33944702 0.00783062 138.39253235 145.33102417 20.00783157 138.39254761 145.33102417 0.00783062 137.86755371 145.04052734 20.00783157 137.86755371 145.04052734 0.00783062 138.55957031 145.0262146 20.00783157 138.55957031 145.0262146 0.00783062 138.03215027 144.74015808 20.00783157 138.03215027 144.74015808 0.00783062 138.72409058 144.7197876 20.00782776 138.72409058 144.7197876 0.00783062 138.19419861 144.43833923 20.00782776 138.19419861 144.43833923 0.00783062 138.8860321 144.41169739 20.00783157 138.8860321 144.41169739 0.00783062 138.35362244 144.13502502 20.00783157 138.35362244 144.13502502 0.00783062 139.04527283 144.10191345 20.00783157 139.04527283 144.10191345 0.00783062 138.5103302 143.83018494 20.00783157 138.5103302 143.83018494 0.00783062 139.20173645 143.7903595 20.00783539 139.20173645 143.7903595 0.00783062 138.66419983 143.52380371 20.00783157 138.66419983 143.52380371 0.00783062 139.35522461 143.47692871 20.00783157 139.35522461 143.47692871 0.00783062 138.81503296 143.21577454 20.00783157 138.81503296 143.21577454 0.00783062 139.50559998 143.16157532 20.00783157 139.50559998 143.16157532 0.00783062 138.96272278 142.90608215 20.00783157 138.96272278 142.90608215 0.00783062 139.65264893 142.84559631 20.00783157 139.65264893 142.84559631 0.00783062 139.10736084 142.59527588 20.00783157 139.10736084 142.59527588 0.00783062 139.79611206 142.53735352 20.00783157 139.79611206 142.53735352 0.00783062 139.25082397 142.28703308 20.00783157 139.25082397 142.28703308 0.00783062 162.78224182 151.53140259 0 162.78224182 151.53140259 20.00000191 163.33380127 151.76759338 20.00000191 163.33380127 151.76759338 0 163.52149963 151.32418823 20 163.52149963 151.32418823 0 162.96888733 151.09046936 20 162.96888733 151.09046936 0 163.70780945 150.87918091 20.00000191 163.70780945 150.87918091 0 163.15351868 150.64950562 20.00000191 163.15351868 150.64950562 0 163.89093018 150.43284607 20.00000381 163.89094543 150.43284607 0 163.3349762 150.20722961 20.00000381 163.3349762 150.20722961 0 164.0708313 149.98519897 20.00000381 164.0708313 149.98519897 0 163.51322937 149.76365662 20.00000381 163.51322937 149.76365662 0 164.2474823 149.53625488 20 164.2474823 149.53625488 0 163.6882782 149.31880188 20.00000191 163.6882782 149.31880188 0 164.42082214 149.08604431 20.00000381 164.42082214 149.08602905 0 163.86003113 148.87266541 20.00000381 163.86004639 148.87266541 0 164.59057617 148.63446045 20.00000381 164.59057617 148.63446045 0 164.02825928 148.4251709 20.00000381 164.02825928 148.4251709 0 164.75709534 148.18170166 20 164.75709534 148.18170166 0 164.19328308 147.97647095 20.00000191 164.19328308 147.97647095 0 164.92037964 147.72776794 20.00000191 164.92037964 147.72776794 0 164.35510254 147.52661133 20.00000191 164.35510254 147.52661133 0 165.08041382 147.27270508 20 165.08041382 147.27270508 0 164.51371765 147.07559204 20 164.51371765 147.07559204 0 165.23721313 146.81652832 20.00000381 165.23721313 146.81652832 0 164.66914368 146.6234436 20.00000381 164.66914368 146.6234436 0 165.39080811 146.35929871 20.00000381 165.39080811 146.35929871 0 164.82139587 146.17019653 20.00000381 164.82139587 146.17019653 0 165.54121399 145.90103149 20.00000191 165.54121399 145.90103149 0 164.9704895 145.71589661 20.00000191 164.9704895 145.71589661 0 165.68844604 145.4417572 20.00000381 165.68844604 145.4417572 0 165.11645508 145.26055908 20.00000381 165.11645508 145.26055908 0 165.83251953 144.98150635 20.00000763 165.83251953 144.98150635 0 165.25932312 144.80419922 20.00000763 165.25932312 144.80419922 0 165.97348022 144.52030945 20.00000191 165.97348022 144.52030945 0 165.39909363 144.34687805 20.00000191 165.39909363 144.34687805 0 166.11132812 144.05821228 20.00000381 166.11134338 144.05821228 0 165.53579712 143.8886261 20.00000381 165.53579712 143.8886261 0 166.24612427 143.5952301 20.00000381 166.24612427 143.5952301 0 165.66947937 143.42944336 20.00000381 165.66947937 143.42944336 0 166.37785339 143.13137817 20.00000381 166.37785339 143.13137817 0 165.80014038 142.96937561 20.00000381 165.80014038 142.96937561 0 166.50656128 142.66671753 20 166.50656128 142.66671753 0 165.92779541 142.50845337 20.00000191 165.92781067 142.50845337 0 166.63224792 142.20123291 20.00000381 166.63224792 142.20123291 0 166.05249023 142.04670715 20.00000381 166.05249023 142.04670715 0 166.75495911 141.73497009 20.00000763 166.75495911 141.73497009 0 166.17422485 141.58415222 20.00000763 166.17422485 141.58415222 0 166.87469482 141.26794434 20.00000381 166.87469482 141.26794434 0 166.29299927 141.12083435 20.00000381 166.29299927 141.12083435 0 166.99145508 140.80018616 20.00000763 166.99145508 140.80018616 0 166.40884399 140.6567688 20.00000763 166.40884399 140.6567688 0 167.10523987 140.3316803 20.00000381 167.10523987 140.3316803 0 166.52174377 140.19195557 20.00000763 166.52174377 140.19195557 0 167.21606445 139.86247253 20.00000381 167.21606445 139.86247253 0 166.63168335 139.72645569 20.00000381 166.63168335 139.72645569 0 167.32391357 139.39256287 20.00000191 167.32391357 139.39256287 0 166.73867798 139.26026917 20.00000191 166.73867798 139.26026917 0 167.42875671 138.92196655 20.00000381 167.42875671 138.92196655 0 166.84268188 138.79341125 20.00000381 166.84269714 138.79341125 0 167.53050232 138.45066833 20.00000381 167.53050232 138.45066833 0 166.94361877 138.32589722 20.00000763 166.94361877 138.32589722 0 167.62921143 137.97869873 20.00000191 167.62921143 137.97869873 0 167.04151917 137.85775757 20.00000191 167.04151917 137.85775757 0 167.724823 137.506073 20 167.724823 137.506073 0 167.13635254 137.38900757 20 167.13635254 137.38900757 0 167.81729126 137.03277588 20 167.81729126 137.03277588 0 167.2280426 136.91967773 20 167.2280426 136.91967773 0 167.90657043 136.55883789 20 167.90657043 136.55883789 0 167.3165741 136.44975281 20.00000191 167.3165741 136.44975281 0 167.99258423 136.08422852 20.00000763 167.99258423 136.08422852 0 167.40184021 135.97927856 20.00000763 167.40184021 135.97927856 0 168.07527161 135.60897827 20.00000191 168.07527161 135.60897827 0 167.48377991 135.50823975 20.00000191 167.48377991 135.508255 0 168.1545105 135.13308716 20.00000381 168.1545105 135.13308716 0 167.56231689 135.03669739 20.00000191 167.56231689 135.03669739 0 168.23023987 134.65655518 20 168.23023987 134.65655518 0 167.6373291 134.56462097 20 167.6373291 134.56462097 0 168.30232239 134.17936707 20 168.30233765 134.17936707 0 167.70870972 134.09205627 20 167.70870972 134.09205627 0 168.37065125 133.70153809 20.00000381 168.37065125 133.70153809 0 167.77636719 133.61901855 20 167.77636719 133.61901855 0 168.43508911 133.22306824 20.00000381 168.43508911 133.22306824 0 167.84011841 133.14550781 20.00000381 167.84011841 133.14550781 0 168.49545288 132.74397278 20.00000381 168.49545288 132.74397278 0 167.89984131 132.67156982 20.00000381 167.89984131 132.67156982 0 168.55160522 132.26423645 20 168.55160522 132.26423645 0 167.95536804 132.19720459 20 167.95536804 132.19720459 0 168.60336304 131.78387451 20 168.60336304 131.78387451 0 168.0065155 131.72245789 20 168.0065155 131.72245789 0 168.6505127 131.30290222 20.00000191 168.6505127 131.30290222 0 168.05308533 131.24736023 20.00000191 168.05308533 131.24736023 0 168.69282532 130.82131958 20.00000381 168.69282532 130.82131958 0 168.09484863 130.77194214 20.00000381 168.09484863 130.77194214 0 168.73005676 130.33914185 20 168.73005676 130.33914185 0 168.1315918 130.29624939 20 168.1315918 130.29624939 0 168.76196289 129.85639954 20 168.76196289 129.85639954 0 168.16305542 129.8203125 20 168.16305542 129.8203125 0 168.78825378 129.37310791 20.00000381 168.78825378 129.37310791 0 168.18894958 129.34420776 20.00000191 168.18894958 129.34422302 0 168.80857849 128.889328 20.00000191 168.80857849 128.889328 0 168.20896912 128.86799622 20.00000191 168.20896912 128.86799622 0 168.82621765 128.40782166 20.00000381 168.82621765 128.40782166 0 168.22648621 128.38977051 20.00000191 168.22648621 128.38977051 0 138.87640381 142.68699646 0 138.87640381 142.68699646 20.00000191 139.4413147 142.88920593 20.00000381 139.4413147 142.88920593 0 139.54191589 142.60574341 20 139.54191589 142.60574341 0 138.97593689 142.40661621 20.00000191 138.97593689 142.40661621 0 139.64103699 142.32176208 20.00000381 139.64103699 142.32176208 0 139.07397461 142.12571716 20.00000381 139.07397461 142.12571716 0 139.73864746 142.0372467 20 139.73864746 142.0372467 0 139.17051697 141.84431458 20 139.17051697 141.84431458 0 139.83460999 141.75218201 20 139.83460999 141.75218201 0 139.26544189 141.56236267 20 139.26544189 141.56236267 0 139.92889404 141.46655273 20 139.92889404 141.46655273 0 139.3586731 141.27986145 20 139.3586731 141.27986145 0 140.02163696 141.18040466 20 140.02163696 141.18040466 0 139.45039368 140.99688721 20 139.45039368 140.99688721 0 140.11282349 140.89375305 20.00000763 140.11282349 140.89376831 0 139.54055786 140.71342468 20.00000763 139.54055786 140.71342468 0 140.20240784 140.6065979 20 140.20240784 140.6065979 0 139.62915039 140.42950439 20.00000191 139.62915039 140.42950439 0 140.29039001 140.31892395 20.00000191 140.29039001 140.31893921 0 139.71612549 140.14512634 20.00000191 139.71612549 140.14512634 0 140.3767395 140.03074646 20 140.3767395 140.03074646 0 139.80145264 139.86029053 20 139.80145264 139.86029053 0 140.46139526 139.74205017 20.00000763 140.46139526 139.74205017 0 139.88511658 139.57501221 20.00000763 139.88511658 139.57501221 0 140.54434204 139.45285034 20 140.54434204 139.45285034 0 139.96705627 139.28929138 20 139.96705627 139.28929138 0 140.6255188 139.16311646 20.00000763 140.6255188 139.16311646 0 140.04724121 139.00312805 20.00000763 140.04722595 139.00312805 0 140.70487976 138.87284851 20.00000381 140.70487976 138.87284851 0 140.12559509 138.71655273 20.00000381 140.12559509 138.71655273 0 140.78237915 138.58206177 20.00000191 140.78237915 138.58206177 0 140.2020874 138.42955017 20.00000191 140.2020874 138.42955017 0 140.85787964 138.29072571 20.00000191 140.85787964 138.29072571 0 140.27658081 138.1421051 20.00000191 140.27658081 138.1421051 0 140.93141174 137.99884033 20.00000763 140.93141174 137.99884033 0 140.34909058 137.85426331 20.00000763 140.34909058 137.85426331 0 141.00288391 137.7064209 20.00000381 141.00288391 137.7064209 0 140.41954041 137.56602478 20.00000381 140.41954041 137.56602478 0 141.07225037 137.41345215 20.00000763 141.07225037 137.41345215 0 140.48786926 137.27740479 20.00000763 140.48786926 137.27740479 0 141.1394043 137.11991882 20.00000191 141.1394043 137.11991882 0 140.55400085 136.9883728 20.00000191 140.55400085 136.9883728 0 141.20426941 136.82585144 20.00000381 141.20426941 136.82585144 0 140.61784363 136.69898987 20.00000763 140.61782837 136.69898987 0 141.26675415 136.53120422 20.00000191 141.26675415 136.53120422 0 140.67929077 136.40921021 20.00000191 140.67929077 136.40921021 0 141.32676697 136.23600769 20.00000381 141.32676697 136.23600769 0 140.73826599 136.11907959 20.00000191 140.73826599 136.11907959 0 141.38418579 135.94023132 20.00000381 141.38418579 135.94023132 0 140.79466248 135.82859802 20.00000381 140.79466248 135.82859802 0 141.43891907 135.64390564 20.00000381 141.43891907 135.64390564 0 140.84838867 135.53775024 20.00000381 140.84838867 135.53775024 0 141.49085999 135.34703064 20 141.49085999 135.34703064 0 140.89932251 135.24658203 20.00000191 140.89932251 135.24658203 0 141.53988647 135.04960632 20.00000763 141.53988647 135.04960632 0 140.94737244 134.95509338 20.00000763 140.94737244 134.95509338 0 141.58589172 134.75164795 20.00000763 141.58589172 134.75164795 0 140.99243164 134.6632843 20.00000763 140.99243164 134.6632843 0 141.62867737 134.45314026 20.00000191 141.62867737 134.45314026 0 141.03430176 134.3711853 20.00000191 141.03430176 134.3711853 0 141.66821289 134.15414429 20 141.66821289 134.15414429 0 141.07295227 134.07879639 20 141.07295227 134.07879639 0 141.70436096 133.85467529 20 141.70436096 133.85467529 0 141.10829163 133.78614807 20 141.10829163 133.78614807 0 141.73704529 133.55476379 20.00000381 141.73704529 133.55476379 0 141.14021301 133.49325562 20.00000191 141.14021301 133.49325562 0 141.76615906 133.25442505 20.00000191 141.76615906 133.25442505 0 141.16860962 133.20014954 20.00000191 141.16860962 133.20013428 0 141.79159546 132.95372009 20 141.79159546 132.95372009 0 141.19342041 132.90682983 20 141.19342041 132.90682983 0 141.8132782 132.6526947 20.00000191 141.8132782 132.6526947 0 141.21456909 132.61335754 20.00000191 141.21456909 132.61335754 0 141.83113098 132.35137939 20 141.83113098 132.35137939 0 141.23196411 132.31973267 20 141.23196411 132.31973267 0 141.84509277 132.04981995 20.00000191 141.84509277 132.04981995 0 141.24555969 132.02600098 20.00000381 141.24557495 132.02600098 0 141.85510254 131.74809265 20 141.85510254 131.74809265 0 141.25532532 131.73217773 20 141.25532532 131.73217773 0 141.86112976 131.44625854 20.00000381 141.86112976 131.44625854 0 141.26118469 131.43829346 20.00000763 141.26118469 131.43829346 0 141.86315918 131.14433289 20.00000381 141.86314392 131.14433289 0 141.26315308 131.14440918 20.00000381 141.26315308 131.14440918 0 141.86114502 130.84242249 20 141.86114502 130.84242249 0 141.26119995 130.8505249 20 141.26119995 130.8505249 0 141.8551178 130.54055786 19.99999619 141.8551178 130.54055786 0 141.25532532 130.5566864 20 141.25532532 130.5566864 0 141.84507751 130.23881531 20.00000381 141.84507751 130.23881531 0 141.24555969 130.26292419 20.00000381 141.24555969 130.26292419 0 141.83106995 129.93722534 20.00000381 141.83106995 129.9372406 0 141.23191833 129.96928406 20.00000381 141.23191833 129.96928406 0 141.81282043 129.63589478 20.00000381 141.81282043 129.63589478 0 141.2141571 129.67578125 20 141.2141571 129.67579651 0 141.79064941 129.33485413 20.00000381 141.79064941 129.33485413 0 141.19255066 129.38249207 20.00000381 141.19255066 129.38249207 0 141.76463318 129.03414917 20.00000381 141.76463318 129.03414917 0 141.16719055 129.08940125 20.00000191 141.16719055 129.08940125 0 141.73484802 128.73382568 20.00000191 141.73484802 128.73382568 0 141.13813782 128.79655457 20.00000191 141.13813782 128.79655457 0 141.70396423 128.43467712 20 141.70396423 128.43467712 0 141.10758972 128.50045776 20 141.10758972 128.50045776 0 141.673172 128.13626099 20 141.673172 128.13626099 0 141.07678223 128.20204163 20 141.07678223 128.20204163 0</float_array>
          <technique_common>
            <accessor source="#pos_0-array" count="7584" stride="3">
              <param name="X" type="float"/>
              <param name="Y" type="float"/>
              <param name="Z" type="float"/>
            </accessor>
          </technique_common>
        </source>
        <source id="norm_0">
          <float_array id="norm_0-array" count="8682">-1 -0 -0 0 1 0 1 -0 0 0 -1 0 0 0 -1 0 0 1 -1 -0 -0 1 0 0 -1 -0 -0 1 0 0 -1 -0 -0 1 0 0 -1 -0 -0 1 0 0 -0.73136 0.68199 0 0.682 0.73135 0 0.73136 -0.68199 0 -0.682 -0.73135 -0 -0.3746 -0.92719 -0 -0.92718 0.37461 0 0.3746 0.92719 0 0.92718 -0.37461 0 -0.6428 -0.76604 -0 -0.76604 0.64279 0 0.6428 0.76604 0 0.76604 -0.64279 0 -0.93969 -0.34203 -0 -0.34202 0.93969 0 0.93969 0.34203 0 0.34202 -0.93969 0 -1 -0 -0 1 0 0 -0.17364 -0.98481 -0 -0.98481 0.17365 0 0.17364 0.98481 0 0.98481 -0.17365 0 0.17364 -0.98481 0 -0.98481 -0.17365 -0 -0.17364 0.98481 0 0.98481 0.17365 0 -0.99843 0.056 0 0.05853 0.99829 0 0.0585 0.99829 0 0.99843 -0.056 -0 0.99843 -0.056 0 -0.0585 -0.99829 -0 -0.99843 0.056 0 -0.99843 0.056 0 0.05848 0.99829 0 0.05851 0.99829 -0 0.9982 -0.05992 0 -0.05851 -0.99829 -0 -0.05851 -0.99829 0 1E-05 -0 1 0 0 1 -0.9982 0.05992 0 0.06224 0.99806 0 0.99793 -0.06424 0 -0.06223 -0.99806 -0 -0.06223 -0.99806 0 -1E-05 0 1 -0 0 1 -0.99793 0.06424 0 0.06648 0.99779 0 0.99764 -0.06873 0 -0.06647 -0.99779 -0 -0.99764 0.06873 0 0.07089 0.99748 0 0.99731 -0.07334 0 -0.07092 -0.99748 -0 -0.99731 0.07334 0 0.07552 0.99714 0 0.99694 -0.07811 0 -0.07549 -0.99715 -0 1E-05 -0 1 1E-05 -0 1 -0.99694 0.07811 0 0.08026 0.99677 0 0.99655 -0.08301 0 -0.08028 -0.99677 -0 -0 0 1 -0 0 1 -0.99655 0.08301 0 0.08535 0.99635 0 0.08535 0.99635 -0 0.99612 -0.08803 0 -0.08534 -0.99635 -0 -2E-05 0 1 -2E-05 0 1 -0.99612 0.08803 0 0.09086 0.99586 0 0.99565 -0.09317 0 0.99565 -0.09317 0 -0.09084 -0.99587 -0 -0.09084 -0.99587 0 0 -0 1 -0.99565 0.09317 0 -0.99565 0.09317 0 0.09594 0.99539 0 0.09594 0.99539 -0 0.99515 -0.09839 0 -0.09596 -0.99538 -0 -0.09596 -0.99538 0 1E-05 -0 1 1E-05 -0 1 -0.99515 0.09839 0 0.10114 0.99487 0 0.99461 -0.1037 0 -0.10115 -0.99487 -0 -0.99461 0.1037 0 0.10647 0.99432 0 0.10644 0.99432 0 0.99403 -0.10907 -0 -0.10646 -0.99432 -0 -0.10643 -0.99432 0 -2E-05 0 1 -2E-05 0 1 -0.99403 0.10907 0 0.1118 0.99373 0 0.11183 0.99373 -0 0.99342 -0.1145 0 -0.1118 -0.99373 -0 -0.11183 -0.99373 -0 1E-05 -0 1 1E-05 -0 1 -0.99342 0.1145 0 0.11725 0.9931 0 0.11725 0.9931 -0 0.99278 -0.11996 0 -0.11723 -0.99311 -0 0 -0 1 0 -0 1 -0.99278 0.11996 0 0.12267 0.99245 0 0.9921 -0.12543 0 -0.12269 -0.99245 -0 -0.9921 0.12543 0 0.12818 0.99175 0 0.99139 -0.13092 0 -0.12817 -0.99175 -0 -0.99139 0.13092 0 0.13363 0.99103 0 0.99066 -0.13639 0 -0.13363 -0.99103 -0 -2E-05 0 1 -2E-05 0 1 -0.99066 0.13639 0 0.13911 0.99028 0 0.13911 0.99028 -0 0.98989 -0.14184 0 0.98989 -0.14186 -0 -0.13912 -0.99028 0 -0.13912 -0.99028 0 1E-05 -0 1 1E-05 -0 1 -0.98989 0.14184 0 -0.98989 0.14186 0 0.14454 0.9895 0 0.14454 0.9895 -0 0.9891 -0.14727 0 0.9891 -0.14728 -0 -0.14454 -0.9895 -0 -0.14451 -0.9895 0 -1E-05 0 1 -1E-05 0 1 -0.9891 0.14727 0 -0.9891 0.14728 0 0.14993 0.9887 0 0.98828 -0.15265 0 -0.14993 -0.9887 -0 -0.14996 -0.98869 -0 -0 0 1 -0 0 1 -0.98828 0.15265 0 0.15529 0.98787 0 0.98744 -0.15798 0 -0.15529 -0.98787 -0 -0.15529 -0.98787 0 1E-05 -0 1 1E-05 -0 1 -0.98744 0.15798 0 0.16059 0.98702 0 0.16059 0.98702 0 0.98659 -0.16323 0 0.98659 -0.16324 0 -0.16058 -0.98702 -0 0 -0 1 0 -0 1 -0.98659 0.16323 0 -0.98659 0.16324 -0 0.1658 0.98616 0 0.16581 0.98616 -0 0.98571 -0.16843 0 -0.16582 -0.98616 -0 -0 0 1 -0 0 1 -0.98571 0.16843 0 0.17099 0.98527 0 0.17099 0.98527 -0 0.98482 -0.17357 0 -0.17099 -0.98527 -0 -0.17099 -0.98527 0 -1E-05 0 1 -1E-05 0 1 -0.98482 0.17357 0 0.17608 0.98438 0 0.17605 0.98438 0 0.98392 -0.17862 -0 0.98392 -0.17861 0 -0.17606 -0.98438 -0 1E-05 -0 1 1E-05 -0 1 -0.98392 0.17862 0 -0.98392 0.17861 0 0.18108 0.98347 0 0.18108 0.98347 0 0.983 -0.18359 -0 0.983 -0.18359 0 -0.18108 -0.98347 -0 -1E-05 0 1 -1E-05 0 1 -0.983 0.18359 0 -0.983 0.18359 0 0.18602 0.98255 0 0.18605 0.98254 -0 0.98208 -0.18849 0 -0.186 -0.98255 -0 1E-05 -0 1 2E-05 -0 1 -0.98208 0.18849 0 0.19086 0.98162 0 0.98113 -0.19333 0 -0.1909 -0.98161 -0 -0.98113 0.19333 0 0.19571 0.98066 0 0.19568 0.98067 0 0.98018 -0.1981 -0 0.98018 -0.19809 0 -0.19569 -0.98066 -0 -0 0 1 -0 0 1 -0.98018 0.1981 0 -0.98018 0.19809 0 0.20041 0.97971 0 0.20044 0.97971 -0 0.97922 -0.20279 0 -0.2004 -0.97971 -0 -0.97922 0.20279 0 0.20507 0.97875 0 0.97825 -0.20743 0 -0.20508 -0.97875 -0 -0.97825 0.20743 0 0.20968 0.97777 0 0.97726 -0.21203 0 -0.2097 -0.97777 -0 -0.97726 0.21203 0 0.21434 0.97676 0 0.97626 -0.21659 0 -0.21432 -0.97676 -0 -0.21432 -0.97676 0 0 -0 1 0 -0 1 -0.97626 0.21659 0 0.21888 0.97575 0 0.97525 -0.2211 0 -0.21891 -0.97575 -0 -0 0 1 -0 0 1 -0.97525 0.2211 0 0.22342 0.97472 0 0.22342 0.97472 -0 0.97422 -0.22562 0 -0.22338 -0.97473 -0 -0.22338 -0.97473 0 -1E-05 0 1 -1E-05 0 1 -0.97422 0.22562 0 0.22787 0.97369 0 0.22787 0.97369 -0 0.97317 -0.23009 0 -0.22791 -0.97368 -0 -0.22791 -0.97368 0 1E-05 -0 1 1E-05 -0 1 -0.97317 0.23009 0 0.23238 0.97263 0 0.9721 -0.23459 0 -0.23239 -0.97262 -0 -0.9721 0.23459 0 0.23688 0.97154 0 0.23688 0.97154 -0 0.97099 -0.23912 0 -0.23687 -0.97154 -0 0 -0 1 0 0 1 -0.97099 0.23912 0 0.24142 0.97042 0 0.24142 0.97042 -0 0.96986 -0.24367 0 0.96986 -0.24367 -0 -0.24144 -0.97042 -0 -0.24141 -0.97042 0 -1E-05 0 1 -0 0 1 -0.96986 0.24367 0 -0.96986 0.24367 0 0.24598 0.96927 0 0.96869 -0.24829 0 0.96869 -0.24829 0 -0.24595 -0.96928 -0 -0.24598 -0.96927 -0 -1E-05 0 1 -1E-05 1E-05 1 -0.96869 0.24829 0 -0.96869 0.24829 0 0.25061 0.96809 0 0.25064 0.96808 -0 0.96748 -0.25296 0 0.96747 -0.25297 0 -0.25063 -0.96808 -0 0 0 1 0 -0 1 -0.96748 0.25296 0 -0.96747 0.25297 -0 0.25535 0.96685 -0 0.25532 0.96686 0 0.96622 -0.25773 0 0.96621 -0.25775 0 -0.25534 -0.96685 -0 1E-05 -0 1 1E-05 -0 1 -0.96622 0.25773 0 -0.96621 0.25775 -0 0.26018 0.96556 0 0.26018 0.96556 -0 0.9649 -0.26263 0 -0.26017 -0.96556 -0 -0.26017 -0.96556 0 -1E-05 0 1 -1E-05 0 1 -0.9649 0.26263 0 0.2651 0.96422 0 0.2651 0.96422 -0 0.96351 -0.26768 -0 0.96351 -0.26766 0 -0.26511 -0.96422 -0 0 -0 1 -0.96351 0.26768 0 -0.96351 0.26766 0 0.27023 0.9628 -0 0.27023 0.9628 -0 0.96205 -0.27287 0 0.96205 -0.27288 -0 -0.27024 -0.96279 -0 -0.27021 -0.9628 0 0 -0 1 -0.96205 0.27287 0 -0.96205 0.27288 0 0.27553 0.96129 0 0.27553 0.96129 -0 0.96049 -0.27831 0 -0.27551 -0.9613 -0 -0.27553 -0.96129 -0 -0 0 1 -0 0 1 -0.96049 0.27831 0 0.28105 0.95969 0 0.95883 -0.28397 0 -0.28105 -0.95969 -0 0 -0 1 0 -0 1 -0.95883 0.28397 0 0.28683 0.95798 0 0.28683 0.95798 -0 0.95705 -0.28993 0 -0.2868 -0.95799 -0 -0 0 1 -0 0 1 -0.95705 0.28993 0 0.2929 0.95614 0 0.29291 0.95614 -0 0.95512 -0.29623 -0 0.95512 -0.29622 0 -0.29293 -0.95613 -0 -0.95512 0.29623 0 -0.95512 0.29622 0 0.29935 0.95414 -0 0.29934 0.95414 -0 0.95303 -0.30287 0 -0.29935 -0.95414 -0 -0.99535 0.09637 0 0.09694 0.99529 0 0.09694 0.99529 -0 0.99501 -0.09973 0 -0.09689 -0.9953 -0 -0 0 -1 -0 0 -1 2E-05 -0 1 2E-05 -0 1 -0.99501 0.09973 0 0.10249 0.99473 0 0.10249 0.99473 -0 0.99467 -0.10315 -0 0.99467 -0.10314 0 -0.10253 -0.99473 -0 -0.99467 0.10315 0 -0.99467 0.10314 0 0.10445 0.99453 -0 0.10445 0.99453 -0 0.9943 -0.10658 0 -0.10446 -0.99453 -0 -0.10446 -0.99453 0 0 -0 -1 0 -0 -1 -2E-05 0 1 -2E-05 0 1 -0.9943 0.10658 0 0.10832 0.99412 0 0.10832 0.99412 -0 0.99393 -0.11003 0 -0.10831 -0.99412 -0 -0.10831 -0.99412 0 -0 0 -1 -0 0 -1 1E-05 -0 1 1E-05 -0 1 -0.99393 0.11003 0 0.1121 0.9937 0 0.99354 -0.1135 0 -0.11212 -0.99369 -0 -0.99354 0.1135 0 0.11411 0.99347 0 0.11411 0.99347 -0 0.99314 -0.11697 0 0.99314 -0.11697 -0 -0.11409 -0.99347 -0 -0.11404 -0.99348 0 1E-05 -0 1 1E-05 -0 1 -0.99314 0.11697 0 -0.99314 0.11697 0 0.11984 0.99279 0 0.11984 0.99279 -0 0.99272 -0.12048 0 -0.11987 -0.99279 -0 -0.11992 -0.99278 -0 -1E-05 0 1 -1E-05 0 1 -0.99272 0.12048 0 0.1219 0.99254 0 0.1219 0.99254 -0 0.99228 -0.12398 0 -0.12184 -0.99255 -0 -0.12184 -0.99255 0 1E-05 -0 1 1E-05 -0 1 -0.99228 0.12398 0 0.12567 0.99207 0 0.99184 -0.1275 0 0.99184 -0.1275 -0 -0.1257 -0.99207 -0 -0.12565 -0.99207 0 -2E-05 1E-05 1 -0.99184 0.1275 0 -0.99184 0.1275 0 0.12969 0.99155 0 0.99138 -0.131 0 -0.12969 -0.99155 -0 -0.12973 -0.99155 -0 -1E-05 1E-05 1 1E-05 -0 1 -0.99138 0.131 0 0.13184 0.99127 0 0.99091 -0.13452 0 -0.13181 -0.99128 -0 0 -0 -1 0 -0 -1 -1E-05 0 1 -1E-05 0 1 -0.99091 0.13452 0 0.13709 0.99056 0 0.99043 -0.138 0 -0.13709 -0.99056 -0 1E-05 -0 1 1E-05 -0 1 -0.99043 0.138 0 0.13967 0.9902 0 0.98994 -0.1415 0 -0.13969 -0.9902 -0 -0 0 -1 -0 0 -1 2E-05 -0 1 2E-05 -0 1 -0.98994 0.1415 0 0.14278 0.98976 0 0.14273 0.98976 0 0.98943 -0.14498 -0 0.98944 -0.14497 0 -0.14276 -0.98976 -0 -0.14276 -0.98976 0 0 0 -1 -2E-05 0 1 -2E-05 0 1 -0.98943 0.14498 -0 -0.98944 0.14497 0 0.14741 0.98908 0 0.14746 0.98907 -0 0.98892 -0.14844 0 -0.14742 -0.98907 -0 -0.14743 -0.98907 -0 0 0 -1 -2E-05 0 1 -2E-05 0 1 -0.98892 0.14844 0 0.14956 0.98875 0 0.14956 0.98875 -0 0.9884 -0.15188 0 -0.14953 -0.98876 -0 2E-05 -0 1 2E-05 -0 1 -0.9884 0.15188 0 0.15391 0.98809 0 0.98787 -0.1553 0 -0.1539 -0.98809 -0 -0.98787 0.1553 0 0.1572 0.98757 0 0.1572 0.98757 -0 0.98733 -0.15869 0 0.98733 -0.15869 -0 -0.15726 -0.98756 -0 -0.15721 -0.98756 0 -0 0 -1 -0 0 -1 1E-05 -0 1 1E-05 -1E-05 1 -0.98733 0.15869 0 -0.98733 0.15869 0 0.1594 0.98721 0 0.98678 -0.16206 0 -0.15937 -0.98722 -0 -0.15942 -0.98721 -0 -0 -0 1 -0 -0 1 -0.98678 0.16206 0 0.16474 0.98634 0 0.16474 0.98634 -0 0.98623 -0.16539 0 0.98623 -0.16541 -0 -0.16474 -0.98634 0 -0.16474 -0.98634 0 2E-05 -1E-05 1 1E-05 -0 1 -0.98623 0.16539 0 -0.98623 0.16541 0 0.16689 0.98597 0 0.98567 -0.16871 0 0.98566 -0.16873 -0 -0.1669 -0.98597 -0 -0.16685 -0.98598 0 -0.98567 0.16871 0 -0.98566 0.16873 0 0.17 0.98544 0 0.9851 -0.172 0 -0.17001 -0.98544 -0 -0.17006 -0.98543 -0 0 -0 -1 0 -0 -1 -2E-05 0 1 -2E-05 0 1 -0.9851 0.172 0 0.17424 0.9847 0 0.98452 -0.17526 0 -0.17423 -0.98471 -0 -0 0 -1 -0 0 -1 -0.98452 0.17526 0 0.17635 0.98433 0 0.17635 0.98433 -0 0.98394 -0.17849 0 -0.17633 -0.98433 -0 -0.17633 -0.98433 0 0 -0 -1 0 -0 -1 -1E-05 0 1 -1E-05 0 1 -0.98394 0.17849 0 0.1804 0.98359 0 0.1804 0.98359 -0 0.98336 -0.18168 0 -0.1804 -0.98359 -0 -0.1804 -0.98359 0 1E-05 -0 1 1E-05 -0 1 -0.98336 0.18168 0 0.18346 0.98303 0 0.98277 -0.18485 0 -0.18347 -0.98303 -0 -0.18347 -0.98303 0 -0 0 -1 -0 0 -1 2E-05 -0 1 2E-05 -0 1 -0.98277 0.18485 0 0.18555 0.98263 0 0.98217 -0.18799 0 0.98217 -0.18799 -0 -0.18557 -0.98263 -0 -0.18552 -0.98264 0 -1E-05 0 1 -0 -1E-05 1 -0.98217 0.18799 0 -0.98217 0.18799 0 0.19043 0.9817 0 0.98157 -0.19109 0 -0.19041 -0.9817 -0 -0.19046 -0.9817 -0 0 -0 -1 0 -0 -1 -1E-05 -1E-05 1 -2E-05 0 1 -0.98157 0.19109 0 0.19248 0.9813 0 0.98097 -0.19416 0 0.98097 -0.19417 -0 -0.19251 -0.98129 -0 -0.19246 -0.9813 0 -0 0 -1 -0 0 -1 2E-05 -0 1 2E-05 -0 1 -0.98097 0.19416 0 -0.98097 0.19417 0 0.19534 0.98074 0 0.19534 0.98074 -0 0.98036 -0.19722 0 0.98036 -0.19722 -0 -0.19534 -0.98074 -0 -0.19534 -0.98074 -0 -2E-05 0 1 -2E-05 0 1 -0.98036 0.19722 0 -0.98036 0.19722 0 0.1993 0.97994 0 0.1993 0.97994 -0 0.97975 -0.20023 0 -0.19931 -0.97994 -0 -0.19935 -0.97993 -0 2E-05 -0 1 2E-05 -0 1 -0.97975 0.20023 0 0.20126 0.97954 0 0.97913 -0.20323 0 0.97913 -0.20323 -0 -0.20127 -0.97954 -0 -0.20122 -0.97955 0 -0.97913 0.20323 0 -0.97913 0.20323 0 0.20494 0.97878 0 0.20498 0.97877 -0 0.97851 -0.2062 0 0.97851 -0.2062 0 -0.20491 -0.97878 -0 -0.20495 -0.97877 -0 0 0 -1 -2E-05 0 1 -2E-05 0 1 -0.97851 0.2062 0 -0.97851 0.2062 -0 0.20798 0.97813 -0 0.20789 0.97815 0 0.97788 -0.20916 -0 0.97788 -0.20916 0 -0.20793 -0.97814 -0 -0.20793 -0.97814 0 0 0 -1 -1E-05 0 1 -0.97788 0.20916 0 -0.97788 0.20916 0 0.2098 0.97774 0 0.20985 0.97773 -0 0.97725 -0.2121 0 -0.20984 -0.97774 -0 -0.20984 -0.97774 0 -0 0 -1 -0 0 -1 2E-05 -0 1 2E-05 -1E-05 1 -0.97725 0.2121 0 0.21434 0.97676 0 0.21434 0.97676 -0 0.97661 -0.21501 0 -0.21434 -0.97676 -0 -0.21434 -0.97676 0 -2E-05 0 1 -2E-05 0 1 -0.97661 0.21501 0 0.21634 0.97632 0 0.97597 -0.21792 0 -0.21636 -0.97631 -0 1E-05 -0 1 1E-05 -0 1 -0.97597 0.21792 0 0.21897 0.97573 0 0.97532 -0.22081 0 -0.21894 -0.97574 -0 -1E-05 0 1 -1E-05 0 1 -0.97532 0.22081 0 0.22283 0.97486 0 0.97466 -0.22369 0 0.97466 -0.22369 0 -0.22283 -0.97486 -0 -0.22283 -0.97486 0 1E-05 -0 1 2E-05 -1E-05 1 -0.97466 0.22369 0 -0.97466 0.22369 0 0.22475 0.97442 0 0.2247 0.97443 0 0.974 -0.22657 -0 -0.22475 -0.97442 -0 -0.22471 -0.97443 0 1E-05 -1E-05 1 -0.974 0.22657 0 0.22809 0.97364 0 0.22818 0.97362 -0 0.97332 -0.22944 0 0.97332 -0.22944 0 -0.22812 -0.97363 -0 -0.22816 -0.97362 -0 -2E-05 0 1 -2E-05 0 1 -0.97332 0.22944 0 -0.97332 0.22944 -0 0.23119 0.97291 -0 0.23114 0.97292 -0 0.97264 -0.23233 0 -0.23114 -0.97292 -0 2E-05 -0 1 2E-05 -0 1 -0.97264 0.23233 0 0.23301 0.97247 0 0.23302 0.97247 -0 0.97194 -0.23522 -0 0.97195 -0.2352 0 -0.23302 -0.97247 -0 -0.97194 0.23522 0 -0.97195 0.2352 0 0.23732 0.97143 -0 0.23731 0.97143 -0 0.97124 -0.2381 0 -0.23735 -0.97142 -0 -0.97124 0.2381 0 0.23951 0.97089 0 0.23947 0.9709 0 0.97052 -0.241 -0 0.97052 -0.24101 -0 -0.23947 -0.9709 0 -0.23948 -0.9709 0 -0 0 -1 -0 0 -1 -0.97052 0.241 0 -0.97052 0.24101 0 0.24191 0.9703 0 0.24195 0.97029 -0 0.96979 -0.24392 0 -0.24194 -0.97029 -0 -0.24193 -0.97029 0 1E-05 -0 -1 1E-05 -0 -1 -2E-05 0 1 -2E-05 0 1 -0.96979 0.24392 0 0.24606 0.96925 0 0.24606 0.96925 -0 0.96905 -0.24688 0 -0.24604 -0.96926 -0 -0.24604 -0.96926 0 -0 0 -1 -0 0 -1 2E-05 -0 1 2E-05 -0 1 -0.96905 0.24688 0 0.24798 0.96877 0 0.96829 -0.24985 0 -0.24802 -0.96875 -0 -0.96829 0.24985 0 0.25133 0.9679 0 0.25133 0.9679 -0 0.96751 -0.25285 0 -0.25131 -0.96791 -0 -2E-05 1E-05 1 -2E-05 0 1 -0.96751 0.25285 0 0.25472 0.96701 0 0.25473 0.96701 -0 0.9667 -0.2559 -0 0.96671 -0.25589 0 -0.25471 -0.96702 -0 -0 -0 -1 0 -0 -1 0 -0 1 -0.93152 0.3637 0 -0.93151 0.36371 -0 0.36749 0.93003 0 0.36749 0.93003 -0 0.93066 -0.36588 0 -0.36751 -0.93002 -0 1E-05 -0 1 1E-05 -0 1 -0.93066 0.36588 0 0.36864 0.92957 0 0.92815 -0.3722 0 -0.36866 -0.92957 -0 -0 0 1 -0 -0 1 -0.92815 0.3722 0 0.37498 0.92703 0 0.92562 -0.37847 0 0.92561 -0.37847 -0 -0.37497 -0.92704 -0 -0.37495 -0.92705 0 0 -0 1 -0.92562 0.37847 0 -0.92561 0.37847 0 0.38206 0.92414 0 0.38206 0.92414 -0 0.92306 -0.38465 -0 0.92307 -0.38464 0 -0.38208 -0.92413 -0 -0.3821 -0.92412 -0 -0.92306 0.38465 0 -0.92307 0.38464 0 0.38807 0.92163 -0 0.38806 0.92163 -0 0.92047 -0.39081 0 -0.38804 -0.92164 -0 -0.92047 0.39081 0 0.39399 0.91912 0 0.39399 0.91912 -0 0.91786 -0.39689 0 -0.394 -0.91911 -0 -0.394 -0.91911 0 -1E-05 0 1 -1E-05 0 1 -0.91786 0.39689 0 0.39996 0.91653 0 0.91523 -0.40294 0 -0.39995 -0.91654 -0 -0.91523 0.40294 0 0.40588 0.91393 0 0.40588 0.91393 -0 0.91256 -0.40894 0 -0.40588 -0.91393 -0 -0.40588 -0.91393 0 1E-05 -0 1 1E-05 -0 1 -0.91256 0.40894 0 0.4118 0.91127 0 0.90987 -0.41489 0 0.90988 -0.41488 0 -0.4118 -0.91127 -0 -0.41179 -0.91128 0 -0.90987 0.41489 -0 -0.90988 0.41488 0 0.41772 0.90858 0 0.90715 -0.42081 0 -0.41771 -0.90858 -0 -0.41772 -0.90858 -0 -0.90715 0.42081 0 0.42361 0.90585 0 0.42358 0.90586 0 0.9044 -0.42669 -0 0.9044 -0.42668 0 -0.42361 -0.90584 -0 -1E-05 0 1 -1E-05 0 1 -0.9044 0.42669 0 -0.9044 0.42668 0 0.42947 0.90308 0 0.42949 0.90307 -0 0.90161 -0.43256 0 -0.42949 -0.90307 -0 -1E-05 0 1 -1E-05 0 1 -0.90161 0.43256 0 0.43536 0.90026 0 0.43536 0.90026 -0 0.89877 -0.43841 0 -0.43534 -0.90026 -0 -0.43534 -0.90026 0 2E-05 -1E-05 1 2E-05 -1E-05 1 -0.89877 0.43841 0 0.44135 0.89734 0 0.44135 0.89734 -0 0.89591 -0.44423 0 -0.44136 -0.89733 -0 -0.44136 -0.89733 0 -1E-05 0 1 -1E-05 0 1 -0.89591 0.44423 0 0.44726 0.8944 0 0.893 -0.45006 0 -0.44725 -0.89441 -0 -0.44725 -0.89441 0 -1E-05 0 1 -1E-05 0 1 -0.893 0.45006 0 0.45302 0.8915 0 0.89004 -0.45588 0 -0.45302 -0.8915 -0 0 -0 1 -0.89004 0.45588 0 0.45882 0.88853 0 0.88705 -0.46168 0 -0.45881 -0.88853 -0 -0.45881 -0.88853 0 -0 -0 1 -0 0 1 -0.88705 0.46168 0 0.46458 0.88553 0 0.884 -0.46748 0 -0.46458 -0.88553 -0 -0.884 0.46748 0 0.47037 0.88247 0 0.8809 -0.47331 0 -0.47037 -0.88247 -0 -0.8809 0.47331 0 0.47619 0.87934 0 0.87773 -0.47915 0 -0.4762 -0.87934 -0 -0.87773 0.47915 0 0.48199 0.87617 0 0.87453 -0.48497 0 -0.48199 -0.87618 -0 -0.48199 -0.87618 0 0 -0 1 0 -0 1 -0.87453 0.48497 0 0.48789 0.87291 0 0.87127 -0.4908 0 -0.48789 -0.87291 -0 -0 0 1 -0 0 1 -0.87127 0.4908 0 0.49385 0.86955 0 0.86795 -0.49665 0 -0.49384 -0.86955 -0 -0.86795 0.49665 0 0.49969 0.8662 0 0.86457 -0.50251 0 -0.49972 -0.86619 -0 -0.49972 -0.86619 0 1E-05 -0 1 1E-05 -0 1 -0.86457 0.50251 0 0.50556 0.86279 0 0.50556 0.86279 -0 0.86112 -0.50839 0 -0.50555 -0.8628 -0 -0.50555 -0.8628 0 -1E-05 0 1 -1E-05 0 1 -0.86112 0.50839 0 0.5114 0.85935 0 0.85764 -0.51425 0 0.85765 -0.51423 0 -0.51139 -0.85935 0 -0.51141 -0.85933 0 1E-05 -0 1 1E-05 -0 1 -0.85764 0.51425 -0 -0.85765 0.51423 0 0.51724 0.85584 0 0.51724 0.85584 -0 0.85412 -0.52008 0 -0.51726 -0.85583 -0 -0.51724 -0.85584 0 -1E-05 0 1 -1E-05 0 1 -0.85412 0.52008 0 0.52307 0.85229 0 0.85054 -0.52591 0 -0.52306 -0.8523 -0 -0.85054 0.52591 0 0.52886 0.84871 0 0.84692 -0.53172 0 -0.52884 -0.84872 -0 -0.84692 0.53172 0 0.53464 0.84508 0 0.84326 -0.5375 0 0.84326 -0.5375 0 -0.53463 -0.84509 -0 -0.53463 -0.84509 0 0 -0 1 -0.84326 0.5375 0 -0.84326 0.5375 0 0.54034 0.84145 0 0.8396 -0.5432 0 0.83959 -0.54322 -0 -0.54037 -0.84143 -0 -0.54035 -0.84144 0 -0 -0 1 -0 0 1 -0.8396 0.5432 0 -0.83959 0.54322 0 0.54603 0.83777 0 0.83591 -0.54886 0 -0.546 -0.83778 -0 -0.54602 -0.83777 -0 -0.83591 0.54886 0 0.55163 0.83409 0 0.83221 -0.55445 0 -0.55164 -0.83408 -0 -0.83221 0.55445 0 0.55715 0.83041 0 0.82854 -0.55994 0 -0.55717 -0.8304 -0 -0.82854 0.55994 0 0.5626 0.82673 0 0.82486 -0.56534 0 0.82487 -0.56532 0 -0.56259 -0.82674 0 -0.56261 -0.82672 0 -0.82486 0.56534 -0 -0.82487 0.56532 0 0.56796 0.82306 0 0.56796 0.82306 -0 0.82123 -0.5706 0 -0.56795 -0.82306 -0 -0.56793 -0.82307 0 1E-05 -0 1 1E-05 -0 1 -0.82123 0.5706 0 0.57318 0.81943 0 0.57316 0.81944 0 0.81762 -0.57576 -0 0.81762 -0.57575 0 -0.57318 -0.81943 -0 -0.81762 0.57576 0 -0.81762 0.57575 0 0.57827 0.81584 0 0.57829 0.81583 -0 0.81407 -0.58076 0 -0.57825 -0.81586 -0 -0.57825 -0.81586 0 -1E-05 0 1 -1E-05 0 1 -0.81407 0.58076 0 0.58321 0.81232 0 0.81058 -0.58562 0 0.81058 -0.58563 -0 -0.58325 -0.8123 -0 -0.58323 -0.81231 0 -0.81058 0.58562 0 -0.81058 0.58563 0 0.58804 0.80883 0 0.58804 0.80883 -0 0.80716 -0.59033 0 -0.58803 -0.80884 -0 -0.58805 -0.80883 -0 1E-05 -0 1 1E-05 -0 1 -0.80716 0.59033 0 0.5927 0.80543 0 0.80381 -0.59489 0 -0.59269 -0.80543 -0 -0.80381 0.59489 0 0.59717 0.80212 0 0.59717 0.80212 -0 0.80054 -0.59928 0 0.80054 -0.59928 0 -0.59718 -0.80211 -0 1E-05 -0 1 0 1E-05 1 -0.80054 0.59928 0 -0.80054 0.59928 0 0.60147 0.79889 0 0.60147 0.79889 -0 0.79736 -0.6035 0 -0.60147 -0.79889 -0 -0.60147 -0.79889 0 -1E-05 1E-05 1 -1E-05 0 1 -0.79736 0.6035 0 0.6056 0.79577 0 0.6056 0.79577 -0 0.79428 -0.60755 0 0.79428 -0.60755 0 -0.6056 -0.79577 -0 0 -0 1 0 0 1 -0.79428 0.60755 0 -0.79428 0.60755 0 0.60955 0.79275 0 0.60953 0.79276 0 0.7913 -0.61143 -0 0.79131 -0.61141 0 -0.60953 -0.79277 -0 -0 0 1 -0.7913 0.61143 0 -0.79131 0.61141 0 0.61329 0.78986 0 0.6133 0.78985 -0 0.78841 -0.61515 0 -0.61328 -0.78987 -0 -0.61328 -0.78987 0 1E-05 -0 1 1E-05 -0 1 -0.78841 0.61515 0 0.61683 0.7871 0 0.78562 -0.61871 0 -0.61685 -0.78708 -0 -0.78562 0.61871 0 0.62022 0.78443 0 0.62022 0.78443 -0 0.78292 -0.62212 0 0.78292 -0.62212 0 -0.62022 -0.78443 -0 -1E-05 0 1 -0 -0 1 -0.78292 0.62212 0 -0.78292 0.62212 0 0.62375 0.78162 0 0.78034 -0.62536 0 -0.62374 -0.78163 -0 0 -0 1 0 -0 1 -0.78034 0.62536 0 0.62374 0.78163 0 0.62374 0.78163 -0 0.7801 -0.62566 0 0.7801 -0.62566 0 -0.62375 -0.78163 -0 1E-05 -1E-05 1 0 0 1 -0.93938 0.34288 0 0.34842 0.93734 0 0.93938 -0.34287 0 -0.34842 -0.93734 -0 -0.93938 0.34287 0 0.34839 0.93735 0 0.93558 -0.35311 0 -0.34841 -0.93734 -0 -0.93558 0.35311 0 0.35867 0.93346 0 0.35867 0.93346 -0 0.93118 -0.36456 0 -0.35863 -0.93348 -0 -0 0 1 -0 0 1 -0.93118 0.36456 0 0.37018 0.92896 0 0.92664 -0.37594 0 0.92664 -0.37594 0 -0.37019 -0.92896 -0 -0.37019 -0.92896 0 -0 0 1 -0.92664 0.37594 0 -0.92664 0.37594 0 0.38181 0.92424 0 0.38181 0.92424 -0 0.92199 -0.38722 0 0.92198 -0.38723 -0 -0.38186 -0.92422 -0 -0.38182 -0.92423 0 1E-05 0 1 1E-05 -0 1 -0.92199 0.38722 0 -0.92198 0.38723 0 0.39308 0.9195 0 0.39305 0.91952 0 0.91721 -0.3984 -0 0.91722 -0.39839 0 -0.39304 -0.91952 -0 -0.39307 -0.91951 -0 -0.91721 0.3984 0 -0.91722 0.39839 0 0.4041 0.91471 0 0.40414 0.9147 -0 0.91234 -0.40943 0 -0.40413 -0.9147 -0 -0.40413 -0.9147 0 -0 0 1 -0 0 1 -0.91234 0.40943 0 0.41507 0.90979 0 0.41507 0.90979 -0 0.90737 -0.42032 0 0.90737 -0.42033 -0 -0.41509 -0.90978 -0 -0.41505 -0.9098 0 -0 0 1 -0 0 1 -0.90737 0.42032 0 -0.90737 0.42033 0 0.42586 0.90479 0 0.42583 0.9048 0 0.90233 -0.43104 -0 0.90234 -0.43102 0 -0.42583 -0.9048 -0 -0.42586 -0.90479 -0 1E-05 -0 1 2E-05 -1E-05 1 -0.90233 0.43104 -0 -0.90234 0.43102 0 0.43642 0.89974 0 0.43642 0.89974 0 0.89724 -0.44154 0 0.89724 -0.44155 -0 -0.43643 -0.89974 -0 -0.43641 -0.89975 -0 -1E-05 -0 1 -2E-05 1E-05 1 -0.89724 0.44154 0 -0.89724 0.44155 -0 0.44678 0.89464 0 0.44682 0.89462 -0 0.8921 -0.45185 0 -0.4468 -0.89463 -0 -0.44683 -0.89462 -0 -0.8921 0.45185 0 0.457 0.88947 0 0.457 0.88947 -0 0.88691 -0.46194 0 -0.457 -0.88947 -0 -0.457 -0.88947 0 1E-05 -0 1 1E-05 -0 1 -0.88691 0.46194 0 0.46698 0.88427 0 0.46694 0.88429 0 0.8817 -0.47181 -0 0.8817 -0.47181 0 -0.46693 -0.88429 -0 -0.46693 -0.88429 0 -1E-05 0 1 -1E-05 -0 1 -0.8817 0.47181 0 -0.8817 0.47181 0 0.47665 0.87909 0 0.47669 0.87907 -0 0.87649 -0.48143 0 0.87648 -0.48144 -0 -0.47669 -0.87907 -0 -0.47666 -0.87909 0 -0 -0 1 -0 0 1 -0.87649 0.48143 0 -0.87648 0.48144 0 0.48616 0.87387 0 0.48613 0.87389 0 0.87126 -0.49082 -0 0.87127 -0.49081 0 -0.48613 -0.87388 -0 -0.48617 -0.87387 -0 0 -1E-05 1 -0.87126 0.49082 0 -0.87127 0.49081 0 0.49541 0.86866 0 0.49541 0.86866 0 0.86606 -0.49994 -0 -0.49544 -0.86864 -0 -0.49541 -0.86866 0 -1E-05 0 1 -1E-05 1E-05 1 -0.86606 0.49994 0 0.50438 0.86348 0 0.50441 0.86346 -0 0.86087 -0.50882 0 0.86087 -0.50882 0 -0.50438 -0.86348 -0 -0.50441 -0.86347 -0 1E-05 -1E-05 1 -0.86087 0.50882 0 -0.86087 0.50882 0 0.51315 0.8583 0 0.51315 0.8583 -0 0.85572 -0.51744 0 0.85572 -0.51744 0 -0.51314 -0.8583 -0 -0.51314 -0.8583 0 1E-05 -1E-05 1 1E-05 -1E-05 1 -0.85572 0.51744 0 -0.85572 0.51744 0 0.52166 0.85315 0 0.52163 0.85317 0 0.85061 -0.5258 -0 0.85062 -0.52579 0 -0.52166 -0.85316 -0 -0.52166 -0.85316 0 -1E-05 -0 1 -1E-05 1E-05 1 -0.85061 0.5258 0 -0.85062 0.52579 0 0.52988 0.84807 0 0.52991 0.84805 -0 0.84554 -0.53392 0 0.84554 -0.53392 0 -0.5299 -0.84806 -0 1E-05 -1E-05 1 -0.84554 0.53392 0 -0.84554 0.53392 0 0.53788 0.84302 0 0.84053 -0.54177 0 -0.53788 -0.84302 -0 -0.53788 -0.84302 0 -0 -1E-05 1 -1E-05 1E-05 1 -0.84053 0.54177 0 0.54566 0.83801 0 0.54563 0.83803 0 0.83556 -0.5494 -0 0.83557 -0.54939 0 -0.54563 -0.83803 -0 0 -1E-05 1 -0.83556 0.5494 0 -0.83557 0.54939 0 0.55313 0.83309 0 0.55317 0.83307 -0 0.83066 -0.55678 -0 0.83067 -0.55677 0 -0.55316 -0.83308 -0 -0.55316 -0.83308 0 -0 -1E-05 1 -1E-05 2E-05 1 -0.83066 0.55678 0 -0.83067 0.55677 0 0.56041 0.82821 -0 0.56038 0.82824 0 0.82583 -0.56392 -0 0.82584 -0.5639 0 -0.56041 -0.82822 -0 -0.56041 -0.82822 0 0 1E-05 1 1E-05 -1E-05 1 -0.82583 0.56392 0 -0.82584 0.5639 0 0.56743 0.82342 0 0.56745 0.82341 -0 0.82108 -0.57082 0 -0.56743 -0.82342 -0 -0.56743 -0.82342 0 0 -0 1 0 -0 1 -0.82108 0.57082 0 0.57425 0.81868 0 0.81639 -0.5775 0 0.81638 -0.57751 -0 -0.57426 -0.81867 -0 -0.57423 -0.81869 0 -0.81639 0.5775 0 -0.81638 0.57751 0 0.58082 0.81404 0 0.58081 0.81404 0 0.81177 -0.58398 0 0.81176 -0.58399 0 -0.5808 -0.81404 -0 -0.58083 -0.81402 -0 -0 0 1 -0 0 1 -0.81177 0.58398 0 -0.81176 0.58399 -0 0.5872 0.80945 0 0.58721 0.80944 -0 0.80722 -0.59025 0 -0.58719 -0.80945 -0 -0.80722 0.59025 0 0.59333 0.80496 0 0.80276 -0.59631 0 0.80275 -0.59632 -0 -0.59335 -0.80494 -0 -0.59333 -0.80496 0 -0.80276 0.59631 0 -0.80275 0.59632 0 0.59928 0.80054 0 0.79836 -0.60218 0 -0.59928 -0.80054 -0 -0.59931 -0.80052 -0 1E-05 -1E-05 1 1E-05 -1E-05 1 -0.79836 0.60218 0 0.60503 0.7962 0 0.79403 -0.60788 0 -0.60504 -0.7962 -0 -0.79403 0.60788 0 0.61063 0.79192 0 0.78977 -0.6134 0 -0.61061 -0.79193 -0 -0.61061 -0.79193 0 -0 0 1 -0 0 1 -0.78977 0.6134 0 0.61599 0.78776 0 0.61598 0.78776 0 0.7856 -0.61874 0 0.78558 -0.61876 -0 -0.61599 -0.78775 -0 -0.61597 -0.78777 0 0 -0 1 0 -0 1 -0.7856 0.61874 0 -0.78558 0.61876 -0 0.6212 0.78365 0 0.62118 0.78366 0 0.78146 -0.62395 -0 0.78147 -0.62394 0 -0.62118 -0.78367 -0 -0.6212 -0.78365 -0 -1E-05 1E-05 1 -1E-05 0 1 -0.78146 0.62395 0 -0.78147 0.62394 0 0.62623 0.77964 0 0.77741 -0.62899 -0 0.77743 -0.62897 0 -0.62624 -0.77963 -0 -0.62623 -0.77963 0 -0 -0 1 -0 -0 1 -0.77741 0.62899 -0 -0.77743 0.62897 0 0.63156 0.77533 0 0.63158 0.77531 -0 0.77344 -0.63386 0 -0.63156 -0.77533 -0 -0.63157 -0.77532 -0 1E-05 -1E-05 1 0 -0 1 -0.77344 0.63386 0 0.63654 0.77125 0 0.63651 0.77127 0 0.76953 -0.63861 -0 -0.63653 -0.77125 -0 -0.63651 -0.77127 0 -1E-05 1E-05 1 -1E-05 1E-05 1 -0.76953 0.63861 0 0.64112 0.76744 0 0.76568 -0.64322 -0 -0.64113 -0.76743 -0 -0.76568 0.64322 0 0.64559 0.76368 0 0.64558 0.76369 0 0.76189 -0.64771 -0 0.76189 -0.64771 0 -0.64556 -0.76371 -0 -0.64559 -0.76369 -0 1E-05 -1E-05 1 1E-05 -1E-05 1 -0.76189 0.64771 0 -0.76189 0.64771 0 0.64991 0.76001 0 0.64992 0.76 0 0.75814 -0.65209 -0 0.75816 -0.65207 0 -0.64992 -0.76 -0 -0.64991 -0.76001 0 -1E-05 1E-05 1 -1E-05 1E-05 1 -0.75814 0.65209 -0 -0.75816 0.65207 0 0.6541 0.75641 0 0.6541 0.75641 0 0.75445 -0.65635 -0 0.75447 -0.65634 0 -0.65409 -0.75641 -0 -0.6541 -0.7564 -0 1E-05 -1E-05 1 1E-05 -1E-05 1 -0.75445 0.65635 0 -0.75447 0.65634 0 0.65816 0.75288 0 0.65818 0.75286 -0 0.75083 -0.6605 0 -0.65818 -0.75286 -0 -0 0 1 -0 0 1 -0.75083 0.6605 0 0.66239 0.74916 0 0.66237 0.74918 0 0.74725 -0.66455 -0 -0.66238 -0.74917 -0 -0.66236 -0.74919 0 0 -0 1 0 -0 1 -0.74725 0.66455 0 0.66689 0.74515 0 0.66692 0.74513 -0 0.74371 -0.6685 0 -0.6669 -0.74515 -0 -0.66692 -0.74513 -0 -0.74371 0.6685 0 0.67063 0.74179 0 0.67063 0.74179 -0 0.74022 -0.67236 0 -0.67064 -0.74178 -0 -0 0 1 -0 -0 1 -0.74022 0.67236 0 0.6743 0.73846 0 0.67427 0.73848 0 0.73677 -0.67614 -0 0.73678 -0.67613 0 -0.67429 -0.73847 -0 -0 -0 1 -0 -0 1 -0.73677 0.67614 0 -0.73678 0.67613 0 0.6778 0.73525 0 0.67782 0.73523 -0 0.73337 -0.67983 0 -0.67779 -0.73525 -0 0 -1E-05 1 -0.73337 0.67983 0 0.68124 0.73206 0 0.73001 -0.68344 0 -0.68125 -0.73205 -0 0 -1E-05 1 -0.73001 0.68344 0 0.68554 0.72803 0 0.68554 0.72803 -0 0.72668 -0.68698 0 0.72666 -0.68699 -0 -0.68558 -0.728 -0 -0.68556 -0.72802 0 -1E-05 -0 1 -1E-05 0 1 -0.72668 0.68698 0 -0.72666 0.68699 0 0.68899 0.72477 0 0.68899 0.72477 -0 0.72338 -0.69045 0 0.72337 -0.69046 -0 -0.68898 -0.72478 -0 0 -1E-05 1 -0.71206 0.70212 0 0.7042 0.71 0 0.71081 -0.70338 0 -0.70419 -0.71001 -0 -0.71081 0.70338 0 0.7052 0.70901 0 0.70697 -0.70725 0 -0.70521 -0.709 -0 -0.70697 0.70725 0 0.70912 0.70509 0 0.70295 -0.71124 0 0.70296 -0.71123 0 -0.70912 -0.70509 -0 -0.70911 -0.7051 0 -0 0 1 -0 0 1 -0.70295 0.71124 -0 -0.70296 0.71123 0 0.71313 0.70104 0 0.71313 0.70104 -0 0.69883 -0.71529 0 -0.71312 -0.70104 -0 -0.71314 -0.70103 -0 0 -0 1 0 -0 1 -0.69883 0.71529 0 0.71726 0.69681 0 0.69455 -0.71945 0 -0.71727 -0.6968 -0 -0.69455 0.71945 0 0.72149 0.69242 0 0.69011 -0.7237 0 -0.72148 -0.69244 -0 -0.69011 0.7237 0 0.72591 0.68779 0 0.68553 -0.72805 0 0.68551 -0.72806 -0 -0.72591 -0.68779 -0 -0.7259 -0.6878 0 -0.68553 0.72805 0 -0.68551 0.72806 0 0.73029 0.68313 0 0.6808 -0.73247 0 -0.73029 -0.68313 -0 -0.7303 -0.68312 -0 -0 0 1 -0 0 1 -0.6808 0.73247 0 0.73471 0.67838 0 0.67597 -0.73693 0 -0.7347 -0.67839 -0 -0.67597 0.73693 0 0.73917 0.67352 0 0.67103 -0.74143 0 -0.73917 -0.67352 -0 -0.67103 0.74143 0 0.74369 0.66852 0 0.74369 0.66852 -0 0.666 -0.74595 0 -0.74369 -0.66852 -0 -0 0 1 -0 0 1 -0.666 0.74595 0 0.74823 0.66344 0 0.74823 0.66344 -0 0.66085 -0.75052 0 0.66083 -0.75053 -0 -0.74824 -0.66343 -0 -0.74823 -0.66344 0 1E-05 -1E-05 1 1E-05 -1E-05 1 -0.66085 0.75052 0 -0.66083 0.75053 0 0.75278 0.65827 0 0.65561 -0.7551 0 -0.75278 -0.65827 -0 -0.75279 -0.65826 -0 -1E-05 1E-05 1 -1E-05 1E-05 1 -0.65561 0.7551 0 0.75735 0.65301 0 0.75735 0.65301 -0 0.6503 -0.75968 0 0.6503 -0.75968 0 -0.75735 -0.65301 -0 0 -0 1 0 0 1 -0.6503 0.75968 0 -0.6503 0.75968 0 0.76192 0.64767 0 0.64494 -0.76424 0 -0.76191 -0.64768 -0 -0.76191 -0.64768 0 0 0 1 0 -0 1 -0.64494 0.76424 0 0.76645 0.6423 0 0.63953 -0.76877 0 0.63953 -0.76877 0 -0.76647 -0.64228 -0 0 -0 1 0 0 1 -0.63953 0.76877 0 -0.63953 0.76877 0 0.77109 0.63673 0 0.77109 0.63673 -0 0.63405 -0.77329 0 -0.77107 -0.63675 -0 -1E-05 1E-05 1 -1E-05 1E-05 1 -0.63405 0.77329 0 0.77558 0.63125 0 0.77557 0.63126 0 0.62854 -0.77778 0 0.62853 -0.77779 0 -0.77557 -0.63126 -0 -0.77557 -0.63126 0 1E-05 -1E-05 1 1E-05 -1E-05 1 -0.62854 0.77778 0 -0.62853 0.77779 -0 0.78003 0.62574 0 0.78004 0.62573 -0 0.62301 -0.78221 0 -0.78004 -0.62573 -0 -0.78004 -0.62573 0 -1E-05 0 1 -1E-05 1E-05 1 -0.62301 0.78221 0 0.78447 0.62017 0 0.61745 -0.78661 0 -0.78446 -0.62017 -0 1E-05 -1E-05 1 1E-05 -1E-05 1 -0.61745 0.78661 0 0.78883 0.61461 0 0.78882 0.61462 0 0.61186 -0.79097 0 0.61184 -0.79098 0 -0.78883 -0.61461 -0 -0.78883 -0.61461 0 -0 0 1 -0 0 1 -0.61186 0.79097 0 -0.61184 0.79098 -0 0.79315 0.60902 0 0.79316 0.60901 -0 0.60623 -0.79529 0 -0.79316 -0.60902 -0 -0.79316 -0.60902 0 0 -1E-05 1 0 -0 1 -0.60623 0.79529 0 0.79744 0.6034 0 0.79744 0.6034 -0 0.60063 -0.79953 0 0.60063 -0.79953 0 -0.79742 -0.60342 -0 -0 1E-05 1 -0 1E-05 1 -0.60063 0.79953 0 -0.60063 0.79953 0 0.80164 0.5978 0 0.59498 -0.80374 0 0.59499 -0.80373 0 -0.80167 -0.59776 -0 -0.80166 -0.59778 0 1E-05 0 1 1E-05 -0 1 -0.59498 0.80374 -0 -0.59499 0.80373 0 0.80584 0.59214 0 0.80583 0.59215 0 0.58933 -0.80789 -0 0.58935 -0.80788 0 -0.80581 -0.59217 -0 -0.80583 -0.59215 -0 0 0 1 -0.58933 0.80789 0 -0.58935 0.80788 0 0.80994 0.58651 0 0.80994 0.58651 0 0.58367 -0.81199 -0 0.58369 -0.81198 0 -0.80996 -0.58649 -0 0 -1E-05 1 0 -1E-05 1 -0.58367 0.81199 0 -0.58369 0.81198 0 0.81402 0.58083 0 0.81403 0.58082 -0 0.57801 -0.81603 0 0.57801 -0.81603 0 -0.81401 -0.58085 -0 -0.81401 -0.58085 0 -0 1E-05 1 -0 1E-05 1 -0.57801 0.81603 0 -0.57801 0.81603 0 0.81804 0.57515 0 0.81803 0.57517 0 0.57231 -0.82004 0 0.5723 -0.82005 0 -0.81805 -0.57515 -0 1E-05 0 1 1E-05 -1E-05 1 -0.57231 0.82004 0 -0.5723 0.82005 -0 0.82201 0.56947 0 0.82202 0.56945 -0 0.56657 -0.82401 0 -0.82202 -0.56945 -0 -0.82202 -0.56945 0 -1E-05 1E-05 1 -1E-05 1E-05 1 -0.56657 0.82401 0 0.82596 0.56372 0 0.82596 0.56372 -0 0.56081 -0.82794 0 -0.82595 -0.56374 -0 -0.82595 -0.56374 0 1E-05 -1E-05 1 1E-05 -1E-05 1 -0.56081 0.82794 0 0.82987 0.55795 0 0.55503 -0.83183 0 -0.82988 -0.55795 -0 -0.55503 0.83183 0 0.83373 0.55217 0 0.83373 0.55217 -0 0.5492 -0.83569 0 -0.83372 -0.55219 -0 -0 1E-05 1 -0 1E-05 1 -0.5492 0.83569 0 0.83757 0.54633 0 0.83757 0.54633 -0 0.54331 -0.83953 0 0.54332 -0.83952 0 -0.83759 -0.54631 -0 -0.83757 -0.54632 0 0 -0 1 0 -0 1 -0.54331 0.83953 -0 -0.54332 0.83952 0 0.84138 0.54044 0 0.53738 -0.84334 0 -0.84138 -0.54044 -0 -0.8414 -0.54042 -0 -0 0 1 -0 0 1 -0.53738 0.84334 0 0.84518 0.53448 0 0.53138 -0.84713 0 -0.84518 -0.53448 -0 -0.53138 0.84713 0 0.84895 0.52848 0 0.84895 0.52848 -0 0.5253 -0.85092 0 -0.84895 -0.52847 -0 0 -1E-05 1 0 -1E-05 1 -0.5253 0.85092 0 0.85283 0.52219 0 0.51913 -0.8547 0 -0.85282 -0.5222 -0 -0.51913 0.8547 0 0.85665 0.5159 0 0.85665 0.5159 -0 0.51288 -0.85846 0 -0.85665 -0.5159 -0 -0 1E-05 1 -0 1E-05 1 -0.51288 0.85846 0 0.86043 0.50956 0 0.86043 0.50956 -0 0.50649 -0.86225 0 -0.86044 -0.50956 -0 -0.86044 -0.50956 0 0 -1E-05 1 0 -1E-05 1 -0.50649 0.86225 0 0.8642 0.50315 0 0.8642 0.50315 -0 0.49997 -0.86604 0 -0.86421 -0.50313 -0 -0.86421 -0.50313 0 -0 1E-05 1 -0 0 1 -0.49997 0.86604 0 0.86801 0.49655 0 0.49332 -0.86985 0 -0.868 -0.49657 -0 -0 -0 1 -0.49332 0.86985 0 0.8718 0.48987 0 0.48655 -0.87366 0 -0.8718 -0.48986 -0 0 -0 1 0 -0 1 -0.48655 0.87366 0 0.87562 0.483 0 0.47958 -0.8775 0 -0.87562 -0.48301 -0 -0.87562 -0.48301 0 -0 1E-05 1 -0 1E-05 1 -0.47958 0.8775 0 0.87946 0.47597 0 0.87946 0.47597 -0 0.47241 -0.88138 0 -0.87945 -0.47598 -0 -0.87945 -0.47598 0 0 -1E-05 1 0 -1E-05 1 -0.47241 0.88138 0 0.88333 0.46876 0 0.88331 0.46878 0 0.46509 -0.88526 0 0.46508 -0.88527 0 -0.88333 -0.46876 -0 -0 1E-05 1 -0 1E-05 1 -0.46509 0.88526 0 -0.46508 0.88527 -0 0.88721 0.46136 0 0.88722 0.46134 -0 0.45751 -0.88921 0 -0.88721 -0.46136 -0 -0.45751 0.88921 0 0.89115 0.45371 0 0.4497 -0.89318 0 -0.89115 -0.45372 -0 -0.4497 0.89318 0 0.89512 0.44582 0 0.44167 -0.89718 0 -0.89512 -0.44582 -0 0 -0 1 0 -0 1 -0.44167 0.89718 0 0.89784 0.44032 0 0.89784 0.44032 -0 0.43584 -0.90003 0 0.43585 -0.90002 0 -0.89785 -0.4403 -0 -0.89784 -0.44032 0 -0 0 1 -0 -0 1 -0.43584 0.90003 -0 -0.43585 0.90002 0 0.89784 0.44032 0 0.43586 -0.90002 0 0.43586 -0.90002 0 -0.89784 -0.44031 -0 -0.89785 -0.44029 -0 -0 -0 1 -0 -0 1 -0.675 0.73782 0 0.73911 0.67359 0 0.675 -0.73782 0 -0.73911 -0.67359 -0 0.73913 0.67356 0 0.67501 -0.73781 0 -0.67501 0.73781 0 0.7391 0.6736 0 0.7391 0.6736 -0 0.67261 -0.74 0 -0.73913 -0.67357 -0 -0.73913 -0.67357 0 1E-05 -1E-05 1 1E-05 -1E-05 1 -0.67261 0.74 0 0.74128 0.67119 0 0.66988 -0.74247 0 -0.74129 -0.67119 -0 -0.74129 -0.67119 0 -1E-05 1E-05 1 -1E-05 1E-05 1 -0.66988 0.74247 0 0.7438 0.66841 0 0.66699 -0.74507 0 -0.74379 -0.66842 -0 -0.66699 0.74507 0 0.7464 0.6655 0 0.66397 -0.74776 0 -0.7464 -0.6655 -0 -0.66397 0.74776 0 0.74912 0.66244 0 0.66081 -0.75056 0 -0.74913 -0.66243 -0 -0.66081 0.75056 0 0.75197 0.6592 0 0.6575 -0.75345 0 -0.75197 -0.6592 -0 -0.6575 0.75345 0 0.75494 0.65579 0 0.65404 -0.75646 0 0.65404 -0.75646 0 -0.75494 -0.65579 -0 -0 1E-05 1 -0.65404 0.75646 0 -0.65404 0.75646 0 0.75796 0.6523 0 0.65042 -0.75957 0 0.65044 -0.75956 0 -0.75798 -0.65228 -0 -0.75796 -0.6523 0 0 0 1 1E-05 -1E-05 1 -0.65042 0.75957 -0 -0.65044 0.75956 0 0.76111 0.64862 0 0.64669 -0.76276 0 -0.76111 -0.64863 -0 -0.76113 -0.6486 -0 -0.64669 0.76276 0 0.76436 0.64479 0 0.6428 -0.76604 0 -0.76436 -0.64479 -0 -0.6428 0.76604 0 0.76767 0.64084 0 0.63881 -0.76937 0 -0.76767 -0.64084 -0 -0.63881 0.76937 0 0.77108 0.63674 0 0.63464 -0.77281 0 -0.77107 -0.63675 -0 -0.63464 0.77281 0 0.77451 0.63256 0 0.77451 0.63256 -0 0.63037 -0.7763 0 -0.77451 -0.63257 -0 -0.77451 -0.63257 0 -1E-05 1E-05 1 -1E-05 1E-05 1 -0.63037 0.7763 0 0.77804 0.62822 0 0.77804 0.62822 -0 0.62598 -0.77984 0 -0.77806 -0.62819 -0 -0.77806 -0.62819 0 1E-05 -1E-05 1 1E-05 -1E-05 1 -0.62598 0.77984 0 0.78164 0.62373 0 0.6215 -0.78342 0 -0.78161 -0.62376 -0 -0.6215 0.78342 0 0.78523 0.6192 0 0.61686 -0.78707 0 -0.78524 -0.61919 -0 -0.61686 0.78707 0 0.7889 0.61452 0 0.78889 0.61454 0 0.61214 -0.79075 -0 0.61216 -0.79074 0 -0.78888 -0.61454 -0 -0.78888 -0.61454 0 -1E-05 1E-05 1 -1E-05 1E-05 1 -0.61214 0.79075 0 -0.61216 0.79074 0 0.79259 0.60976 0 0.7926 0.60974 -0 0.60734 -0.79444 0 -0.79262 -0.60972 -0 -1E-05 1E-05 1 -1E-05 1E-05 1 -0.60734 0.79444 0 0.7963 0.60491 0 0.60243 -0.79817 0 -0.7963 -0.6049 -0 1E-05 -2E-05 1 1E-05 -2E-05 1 -0.60243 0.79817 0 0.80006 0.59992 0 0.59743 -0.80192 0 -0.80004 -0.59994 -0 -0.59743 0.80192 0 0.80383 0.59486 0 0.59233 -0.8057 0 -0.80381 -0.59488 -0 -0.59233 0.8057 0 0.80759 0.58975 0 0.58716 -0.80947 0 -0.8076 -0.58973 -0 -0.58716 0.80947 0 0.81135 0.58456 0 0.81137 0.58453 -0 0.58189 -0.81327 -0 0.5819 -0.81326 0 -0.81135 -0.58456 -0 -0.58189 0.81327 0 -0.5819 0.81326 0 0.81518 0.5792 -0 0.81516 0.57923 -0 0.57655 -0.81706 0 -0.81518 -0.57921 -0 -0.57655 0.81706 0 0.81895 0.57387 0 0.57114 -0.82085 0 -0.81894 -0.57388 -0 -0.57114 0.82085 0 0.82274 0.56841 0 0.82278 0.56836 -0 0.56563 -0.82466 0 0.56562 -0.82467 0 -0.82278 -0.56836 -0 -0.56563 0.82466 0 -0.56562 0.82467 -0 0.82656 0.56284 -0 0.82653 0.56289 -0 0.56004 -0.82846 0 -0.82655 -0.56287 -0 -0.56004 0.82846 0 0.83038 0.55719 0 0.83038 0.55719 -0 0.55438 -0.83227 0 0.55436 -0.83228 -0 -0.83037 -0.55721 -0 -0.83036 -0.55723 0 -1E-05 1E-05 1 -1E-05 -0 1 -0.55438 0.83227 0 -0.55436 0.83228 0 0.83417 0.55151 0 0.54861 -0.83608 0 -0.83416 -0.55152 -0 -0.83418 -0.55149 -0 0 -1E-05 1 0 -1E-05 1 -0.54861 0.83608 0 0.83797 0.54572 0 0.54274 -0.8399 0 0.54274 -0.8399 0 -0.83799 -0.54568 -0 -1E-05 -0 1 -1E-05 -0 1 -0.54274 0.8399 0 -0.54274 0.8399 0 0.84181 0.53977 0 0.53677 -0.84373 0 -0.8418 -0.53979 -0 -0.8418 -0.53979 0 -1E-05 -0 1 -1E-05 1E-05 1 -0.53677 0.84373 0 0.84562 0.53378 0 0.53071 -0.84756 0 0.53069 -0.84756 -0 -0.8456 -0.53381 0 -0.84562 -0.53378 0 -0.53071 0.84756 0 -0.53069 0.84756 0 0.84947 0.52764 0 0.52449 -0.85141 0 -0.84948 -0.52762 -0 -0.84946 -0.52766 0 -0.52449 0.85141 0 0.85331 0.52141 0 0.51818 -0.85527 0 0.51818 -0.85527 0 -0.85332 -0.52139 -0 -0 1E-05 1 -0.51818 0.85527 0 -0.51818 0.85527 0 0.85718 0.51501 0 0.5117 -0.85916 0 -0.85718 -0.51502 -0 -0.85718 -0.51502 0 1E-05 0 1 1E-05 -1E-05 1 -0.5117 0.85916 0 0.86108 0.50847 0 0.50511 -0.86305 0 0.50509 -0.86307 -0 -0.86108 -0.50846 -0 -0.86107 -0.50848 0 1E-05 -1E-05 1 1E-05 -1E-05 1 -0.50511 0.86305 0 -0.50509 0.86307 0 0.865 0.50177 0 0.49831 -0.867 0 -0.86497 -0.50182 -0 -0.86498 -0.5018 -0 -1E-05 1E-05 1 -1E-05 1E-05 1 -0.49831 0.867 0 0.86895 0.4949 0 0.49133 -0.87097 0 -0.86897 -0.49487 -0 -0.49133 0.87097 0 0.87292 0.48786 0 0.8729 0.48789 0 0.48417 -0.87498 0 0.48416 -0.87498 0 -0.87291 -0.48788 -0 -0.48417 0.87498 0 -0.48416 0.87498 -0 0.87695 0.48058 0 0.87697 0.48054 -0 0.47676 -0.87903 0 -0.87696 -0.48056 -0 -0.47676 0.87903 0 0.88105 0.47303 0 0.88105 0.47303 -0 0.46908 -0.88315 0 -0.88104 -0.47304 -0 -0.88104 -0.47304 0 1E-05 -1E-05 1 1E-05 -1E-05 1 -0.46908 0.88315 0 0.88517 0.46527 0 0.46112 -0.88734 0 -0.88518 -0.46525 -0 -0.88518 -0.46525 0 -1E-05 1E-05 1 -1E-05 1E-05 1 -0.46112 0.88734 0 0.88938 0.45717 0 0.45288 -0.89157 0 -0.88937 -0.45719 -0 -0.45288 0.89157 0 0.89364 0.44879 0 0.89364 0.44879 -0 0.44426 -0.8959 0 -0.89363 -0.4488 -0 -0 1E-05 1 -1E-05 -0 1 -0.44426 0.8959 0 0.8981 0.4398 0 0.8981 0.4398 -0 0.43525 -0.90031 0 -0.89811 -0.43978 -0 -0 -1E-05 1 -0.43525 0.90031 0 0.90263 0.43042 0 0.42583 -0.9048 0 -0.90261 -0.43045 -0 -0.42583 0.9048 0 0.90663 0.42192 0 0.4172 -0.90881 0 -0.90664 -0.42192 -0 -0.4172 0.90881 0 0.90661 0.42196 0 -0.90661 -0.42196 -0 -0.39365 0.91926 0 0.92089 0.38982 0 0.38953 -0.92101 0 -0.92089 -0.38981 -0 -0.92089 -0.38981 0 0 -0 1 0 -0 1 -0.38953 0.92101 0 0.92242 0.38619 0 0.3828 -0.92383 0 -0.92241 -0.38621 -0 -0.92241 -0.38621 0 -0 0 1 -0 0 1 -0.3828 0.92383 0 0.92516 0.37957 0 0.92515 0.3796 0 0.37603 -0.92661 0 0.37603 -0.92661 0 -0.92516 -0.37958 -0 -0 0 1 -0 0 1 -0.37603 0.92661 0 -0.37603 0.92661 -0 0.92787 0.3729 0 0.92788 0.37287 -0 0.36924 -0.92934 0 -0.92788 -0.37288 -0 -0.36924 0.92934 0 0.93055 0.36616 0 0.93055 0.36616 -0 0.36242 -0.93201 0 0.36242 -0.93201 0 -0.93055 -0.36617 -0 -0.93055 -0.36617 0 0 -1E-05 1 0 -0 1 -0.36242 0.93201 0 -0.36242 0.93201 0 0.93322 0.35931 0 0.93322 0.3593 -0 0.35562 -0.93463 0 0.35561 -0.93463 0 -0.93323 -0.35927 -0 -0.93322 -0.3593 0 0 1E-05 1 -0 0 1 -0.35562 0.93463 -0 -0.35561 0.93463 -0 0.93605 0.35187 -0 0.93605 0.35188 -0 0.34881 -0.93719 0 -0.93604 -0.35189 -0 -0.93605 -0.35186 -0 -0.34881 0.93719 0 0.93854 0.34518 0 0.93854 0.34518 -0 0.34205 -0.93968 0 0.34205 -0.93968 0 -0.93854 -0.34518 -0 -0.93854 -0.34518 0 0 -1E-05 1 0 -0 1 -0.34205 0.93968 0 -0.34205 0.93968 0 0.94097 0.33848 0 0.94097 0.33848 -0 0.33526 -0.94213 0 -0.94097 -0.33848 -0 0 0 1 -0.33526 0.94213 0 0.94336 0.33176 0 0.32852 -0.9445 0 -0.94336 -0.33176 -0 -0.94336 -0.33176 0 0 -0 1 0 -0 1 -0.32852 0.9445 0 0.94569 0.32506 0 0.94569 0.32506 -0 0.32181 -0.9468 0 -0.94569 -0.32508 -0 -0.94569 -0.32508 0 -0 1E-05 1 -0 1E-05 1 -0.32181 0.9468 0 0.94794 0.31844 0 0.31517 -0.94903 0 -0.94795 -0.31843 -0 -0.31517 0.94903 0 0.95013 0.31184 0 0.30856 -0.95121 0 -0.95014 -0.31182 -0 0 -0 1 0 -0 1 -0.30856 0.95121 0 0.95226 0.30527 0 0.95226 0.30527 -0 0.30199 -0.95331 0 -0.95227 -0.30526 -0 -0 0 1 -0 0 1 -0.30199 0.95331 0 0.95434 0.29874 0 0.29552 -0.95534 0 -0.95433 -0.29876 -0 -0 1E-05 1 -0 1E-05 1 -0.29552 0.95534 0 0.95633 0.29229 0 0.95633 0.29229 -0 0.28905 -0.95731 0 -0.95633 -0.29228 -0 -0.95633 -0.29228 0 0 -1E-05 1 0 -1E-05 1 -0.28905 0.95731 0 0.95827 0.28586 0 0.95826 0.28589 0 0.28265 -0.95922 0 0.28264 -0.95923 0 -0.95827 -0.28587 -0 -0.95827 -0.28587 0 -0 0 1 -0 0 1 -0.28265 0.95922 0 -0.28264 0.95923 -0 0.96013 0.27954 0 0.96014 0.27951 -0 0.27631 -0.96107 0 -0.96014 -0.27953 -0 -0.27631 0.96107 0 0.96196 0.27319 0 0.27001 -0.96286 0 -0.96196 -0.2732 -0 -0.27001 0.96286 0 0.96371 0.26694 0 0.26377 -0.96459 0 0.26377 -0.96458 0 -0.96372 -0.26691 -0 -0.96371 -0.26694 0 0 -1E-05 1 0 -0 1 -0.26377 0.96459 -0 -0.26377 0.96458 0 0.96543 0.26068 0 0.96543 0.26068 -0 0.25754 -0.96627 0 -0.96542 -0.26071 -0 -0.96542 -0.26068 -0 0 1E-05 1 -0 0 1 -0.25754 0.96627 0 0.96707 0.25451 0 0.25136 -0.96789 0 -0.96707 -0.25451 -0 -0.96707 -0.25451 0 -0 1E-05 1 -0 1E-05 1 -0.25136 0.96789 0 0.96867 0.24835 0 0.24518 -0.96948 0 -0.96868 -0.24833 -0 0 -1E-05 1 0 -1E-05 1 -0.24518 0.96948 0 0.97023 0.24219 0 0.23903 -0.97101 0 -0.97023 -0.2422 -0 -0.97023 -0.2422 0 -0 1E-05 1 -0 1E-05 1 -0.23903 0.97101 0 0.97175 0.23601 0 0.97175 0.23601 -0 0.23288 -0.97251 0 0.23288 -0.97251 0 -0.97175 -0.23603 -0 0 -1E-05 1 1E-05 0 1 -0.23288 0.97251 0 -0.23288 0.97251 0 0.97322 0.22987 0 0.22669 -0.97397 0 -0.97323 -0.22985 -0 -0.97323 -0.22985 0 1E-05 0 1 0 -1E-05 1 -0.22669 0.97397 0 0.97466 0.22369 0 0.22049 -0.97539 0 -0.97466 -0.22369 -0 0 -0 1 0 -0 1 -0.22049 0.97539 0 0.97607 0.21746 0 0.97607 0.21746 -0 0.21426 -0.97678 0 0.21426 -0.97678 0 -0.97607 -0.21744 -0 -0.97607 -0.21747 0 -0 0 1 -0 0 1 -0.21426 0.97678 -0 -0.21426 0.97678 0 0.97748 0.21102 0 0.20795 -0.97814 0 0.20795 -0.97814 0 -0.97748 -0.21104 -0 -0.97748 -0.21101 -0 0 1E-05 1 -0.20795 0.97814 0 -0.20795 0.97814 0 0.97882 0.20471 0 0.20157 -0.97947 0 -0.97883 -0.2047 -0 -0.97883 -0.2047 0 1E-05 -0 1 0 -1E-05 1 -0.20157 0.97947 0 0.98014 0.19828 0 0.19511 -0.98078 0 -0.98014 -0.19829 -0 -0.98014 -0.19829 0 0 -0 1 0 -0 1 -0.19511 0.98078 0 0.98144 0.19175 0 0.1885 -0.98207 0 -0.98145 -0.19174 -0 -0.1885 0.98207 0 0.98272 0.18512 0 0.18181 -0.98333 0 0.18181 -0.98333 0 -0.98271 -0.18514 -0 0 0 1 -0.18181 0.98333 0 -0.18181 0.98333 0 0.98397 0.17833 0 0.98397 0.17833 -0 0.17492 -0.98458 0 -0.98397 -0.17833 -0 0 2E-05 1 -0 1E-05 1 -0.17492 0.98458 0 0.9852 0.17141 0 0.1679 -0.9858 0 0.16787 -0.98581 -0 -0.9852 -0.17138 -0 -0.9852 -0.17139 0 0 -1E-05 1 0 -1E-05 1 -0.1679 0.9858 0 -0.16787 0.98581 0 0.98642 0.16425 0 0.98642 0.16425 -0 0.16065 -0.98701 0 -0.98641 -0.16429 -0 -0.98641 -0.16429 -0 -0 0 1 -0 -0 1 -0.16065 0.98701 0 0.98761 0.15695 0 0.98761 0.15695 -0 0.15322 -0.98819 0 -0.98761 -0.15693 -0 -0 -1E-05 1 0 -0 1 -0.15322 0.98819 0 0.98878 0.14936 0 0.98878 0.14939 0 0.14552 -0.98936 0 0.14551 -0.98936 0 -0.98878 -0.14936 -0 -0.14552 0.98936 0 -0.14551 0.98936 -0 0.98993 0.14156 0 0.98993 0.14153 -0 0.13754 -0.9905 0 0.13754 -0.9905 0 -0.98993 -0.14159 -0 -0 1E-05 1 -1E-05 -0 1 -0.13754 0.9905 0 -0.13754 0.9905 0 0.99105 0.13347 0 0.12927 -0.99161 0 -0.99106 -0.13343 -0 -1E-05 -0 1 -0 1E-05 1 -0.12927 0.99161 0 0.99216 0.12501 0 0.12067 -0.99269 0 -0.99215 -0.12503 -0 -0.12067 0.99269 0 0.99322 0.11625 0 0.99322 0.11625 -0 0.11172 -0.99374 0 -0.99322 -0.11626 -0 0 -1E-05 1 0 -1E-05 1 -0.11172 0.99374 0 0.99425 0.10713 0 0.10236 -0.99475 0 -0.99425 -0.10712 -0 -0.10236 0.99475 0 0.99523 0.09756 0 0.99523 0.09756 -0 0.09257 -0.99571 0 -0.99523 -0.09755 -0 -0.99523 -0.09755 0 -0 0 1 -0 0 1 -0.09257 0.99571 0 0.99616 0.08752 0 0.99616 0.08752 -0 0.08229 -0.99661 0 -0.99616 -0.08751 -0 -0.99616 -0.08751 0 -0 0 1 -0 0 1 -0.08229 0.99661 0 0.99703 0.07699 0 0.99703 0.07699 -0 0.07149 -0.99744 0 -0.99703 -0.07701 -0 0 -1E-05 1 0 -1E-05 1 -0.07149 0.99744 0 0.99782 0.06595 0 0.06015 -0.99819 0 -0.99782 -0.06596 -0 -0.06015 0.99819 0 0.99852 0.05432 0 0.99852 0.05432 -0 0.04817 -0.99884 0 0.04814 -0.99884 -0 -0.99852 -0.05431 -0 -0.99852 -0.05431 0 -0 1E-05 1 -0 0 1 -0.04817 0.99884 0 -0.04814 0.99884 0 0.99912 0.04198 0 0.99912 0.04198 -0 0.03555 -0.99937 0 -0.99912 -0.042 -0 -0.99912 -0.042 -0 -0 -0 1 -0.03555 0.99937 0 0.99933 0.03661 0 0.99933 0.03661 -0 0.03009 -0.99955 0 -0.99933 -0.0366 -0 -0 0 1 -0 -0 1 -0.33701 0.9415 0 -0.33701 0.9415 0 0.94241 0.33446 0 0.94241 0.33446 -0 0.33189 -0.94332 0 -0.94238 -0.33454 -0 0 -1E-05 1 0 0 1 -0.33189 0.94332 0 0.94414 0.32954 0 0.94414 0.32954 -0 0.32674 -0.94511 0 -0.94415 -0.32952 -0 -0.94415 -0.32952 0 -0 1E-05 1 -0 1E-05 1 -0.32674 0.94511 0 0.94588 0.32451 0 0.94588 0.32451 -0 0.32156 -0.94689 0 -0.94588 -0.32451 -0 0 -1E-05 1 0 -1E-05 1 -0.32156 0.94689 0 0.94774 0.31904 0 0.31637 -0.94863 0 -0.94773 -0.31907 -0 -0.31637 0.94863 0 0.9496 0.31346 0 0.31115 -0.95036 0 -0.94962 -0.3134 -0 -0.31115 0.95036 0 0.95128 0.30832 0 0.30586 -0.95208 0 -0.95128 -0.30834 -0 -0.30586 0.95208 0 0.95295 0.30314 0 0.95294 0.30316 0 0.30054 -0.95377 -0 0.30057 -0.95376 0 -0.95295 -0.30312 -0 -0.95295 -0.30312 0 -1E-05 2E-05 1 -1E-05 2E-05 1 -0.30054 0.95377 0 -0.30057 0.95376 0 0.95462 0.29782 0 0.95463 0.2978 -0 0.29516 -0.95545 0 -0.95461 -0.29787 -0 1E-05 -2E-05 1 1E-05 -2E-05 1 -0.29516 0.95545 0 0.95628 0.29247 0 0.95627 0.29248 0 0.28967 -0.95713 -0 0.28969 -0.95712 0 -0.95627 -0.29247 -0 0 1E-05 1 -0.28967 0.95713 0 -0.28969 0.95712 0 0.95792 0.28703 0 0.95793 0.28702 -0 0.28409 -0.9588 0 -0.95794 -0.28697 -0 -0.95794 -0.28697 0 0 -1E-05 1 0 -1E-05 1 -0.28409 0.9588 0 0.95959 0.28139 0 0.2784 -0.96047 0 -0.95959 -0.28142 -0 -0.95959 -0.28142 0 -1E-05 2E-05 1 -1E-05 2E-05 1 -0.2784 0.96047 0 0.96124 0.2757 0 0.27259 -0.96213 0 -0.96125 -0.27567 -0 -0.96125 -0.27567 0 1E-05 -2E-05 1 1E-05 -2E-05 1 -0.27259 0.96213 0 0.96292 0.26979 0 0.96292 0.26979 -0 0.26665 -0.96379 0 0.26664 -0.9638 -0 -0.96291 -0.26981 0 -0.96293 -0.26977 0 -1E-05 2E-05 1 -1E-05 2E-05 1 -0.26665 0.96379 0 -0.26664 0.9638 0 0.9646 0.26373 0 0.9646 0.26373 -0 0.26049 -0.96548 0 -0.9646 -0.26373 -0 -0.96458 -0.26378 0 0 -1E-05 1 0 -1E-05 1 -0.26049 0.96548 0 0.96627 0.25753 0 0.96627 0.25753 -0 0.25419 -0.96716 0 -0.96627 -0.25753 -0 0 -1E-05 1 0 -1E-05 1 -0.25419 0.96716 0 0.96802 0.25087 0 0.2477 -0.96884 0 -0.96802 -0.25087 -0 -0.2477 0.96884 0 0.9697 0.24429 0 0.24096 -0.97053 0 -0.96971 -0.24428 -0 -0 2E-05 1 -0 2E-05 1 -0.24096 0.97053 0 0.97141 0.23743 0 0.97141 0.23743 -0 0.23399 -0.97224 0 -0.97141 -0.23743 -0 -0.97141 -0.23743 0 0 -1E-05 1 0 -1E-05 1 -0.23399 0.97224 0 0.9731 0.2304 0 0.9731 0.2304 -0 0.22674 -0.97395 0 -0.9731 -0.23038 -0 -0.9731 -0.23038 0 -0 1E-05 1 -0 1E-05 1 -0.22674 0.97395 0 0.97481 0.22302 0 0.97481 0.22302 -0 0.21924 -0.97567 0 -0.97481 -0.22304 -0 -0.97481 -0.22304 0 0 -2E-05 1 0 -2E-05 1 -0.21924 0.97567 0 0.97653 0.2154 0 0.21144 -0.97739 0 0.21143 -0.97739 -0 -0.97652 -0.21544 0 -0.97653 -0.21539 0 -0 1E-05 1 0 2E-05 1 -0.21144 0.97739 0 -0.21143 0.97739 0 0.97825 0.20745 0 0.97825 0.20745 -0 0.20332 -0.97911 0 -0.97825 -0.20744 -0 -0.97824 -0.20748 0 1E-05 -0 1 0 -2E-05 1 -0.20332 0.97911 0 0.97995 0.19922 0 0.19488 -0.98083 0 0.19488 -0.98083 0 -0.97996 -0.1992 -0 -0 1E-05 1 -0 -0 1 -0.19488 0.98083 0 -0.19488 0.98083 0 0.98167 0.19057 0 0.18606 -0.98254 0 -0.98167 -0.19059 -0 -0 -0 1 -0 1E-05 1 -0.18606 0.98254 0 0.98337 0.18163 0 0.17693 -0.98422 0 -0.98336 -0.18165 -0 -0.17693 0.98422 0 0.98504 0.17234 0 0.16741 -0.98589 0 0.16741 -0.98589 0 -0.98504 -0.17231 -0 -0.98504 -0.17231 0 0 -1E-05 1 0 -1E-05 1 -0.16741 0.98589 0 -0.16741 0.98589 0 0.98669 0.16264 0 0.98669 0.16264 -0 0.15752 -0.98752 0 -0.98668 -0.16265 -0 -0 3E-05 1 -0 2E-05 1 -0.15752 0.98752 0 0.98829 0.15259 0 0.14727 -0.9891 0 -0.98829 -0.1526 -0 -0.14727 0.9891 0 0.98988 0.14188 0 0.13659 -0.99063 0 -0.98988 -0.14189 -0 0 -2E-05 1 0 -2E-05 1 -0.13659 0.99063 0 0.99137 0.13109 0 0.12558 -0.99208 0 -0.99138 -0.13105 -0 0 -1E-05 1 0 -1E-05 1 -0.12558 0.99208 0 0.99279 0.11984 0 0.11421 -0.99346 0 -0.99279 -0.11989 -0 -0.11421 0.99346 0 0.99411 0.10834 0 0.10251 -0.99473 0 -0.99411 -0.10835 -0 -0.99411 -0.10835 0 -0 1E-05 1 -0 1E-05 1 -0.10251 0.99473 0 0.99533 0.09648 0 0.99533 0.09648 -0 0.09046 -0.9959 0 0.09048 -0.9959 0 -0.99534 -0.09643 0 -0.99534 -0.09643 0 -0 -1E-05 1 -0.09046 0.9959 -0 -0.09048 0.9959 0 0.99644 0.08429 0 0.07815 -0.99694 0 -0.99644 -0.08429 -0 -0.99644 -0.08429 0 0 -1E-05 1 0 -1E-05 1 -0.07815 0.99694 0 0.99742 0.07184 0 0.99742 0.07184 -0 0.06556 -0.99785 0 -0.99741 -0.07188 -0 -0 1E-05 1 -0 1E-05 1 -0.06556 0.99785 0 0.99825 0.05915 0 0.05274 -0.99861 0 -0.99825 -0.05914 -0 0 -1E-05 1 0 -1E-05 1 -0.05274 0.99861 0 0.99893 0.04625 0 0.99893 0.04625 -0 0.0397 -0.99921 0 0.0397 -0.99921 0 -0.99893 -0.04624 -0 -0.99893 -0.04629 0 -0 1E-05 1 0 1E-05 1 -0.0397 0.99921 -0 -0.0397 0.99921 0 0.99945 0.03316 0 0.02653 -0.99965 0 -0.99945 -0.03322 -0 -0.99945 -0.03317 -0 0 -1E-05 1 0 -1E-05 1 -0.02653 0.99965 0 0.9998 0.01996 0 0.01328 -0.99991 0 0.01328 -0.99991 0 -0.9998 -0.01993 -0 -0 1E-05 1 1E-05 3E-05 1 -0.01328 0.99991 0 -0.01328 0.99991 0 0.99998 0.00672 0 0.99998 0.00667 -0 -0.00013 -1 0 -0.00013 -1 0 -0.99998 -0.0067 -0 -0.99998 -0.0067 0 1E-05 0 1 -0 -1E-05 1 0.00013 1 0 0.00013 1 -0 0.99998 -0.00667 -0 0.99998 -0.00662 0 -0.0135 -0.99991 -0 -0.99998 0.00665 0 -0 -1E-05 1 -0 -1E-05 1 0.0135 0.99991 0 0.9998 -0.01996 0 0.9998 -0.01996 0 -0.02688 -0.99964 -0 -0.02688 -0.99964 0 -0.9998 0.01999 0 -0 -1E-05 1 1E-05 -0 1 0.02688 0.99964 0 0.02688 0.99964 -0 0.99945 -0.03326 0 0.99945 -0.03326 0 -0.04018 -0.99919 -0 -0.99945 0.03322 0 1E-05 3E-05 1 0 1E-05 1 0.04018 0.99919 0 0.99892 -0.0464 0 0.99892 -0.0464 -0 -0.05343 -0.99857 -0 -0.05341 -0.99857 0 -0.99892 0.04641 0 0.05343 0.99857 0 0.05341 0.99857 0 0.99817 -0.06045 -0 0.99817 -0.06045 0 -0.06648 -0.99779 -0 -0.0665 -0.99779 -0 -0.99817 0.0604 0 -0.99817 0.06041 0 -1E-05 -1E-05 1 0.06648 0.99779 0 0.0665 0.99779 -0 0.9973 -0.07345 0 -0.0794 -0.99684 -0 -0.9973 0.07347 0 -0.9973 0.07347 0 -1E-05 0 1 0 1E-05 1 0.0794 0.99684 0 0.99628 -0.0862 0 -0.09209 -0.99575 -0 -0.09209 -0.99575 0 -0.99628 0.0862 0 -0.99628 0.0862 0 -0 -1E-05 1 0.09209 0.99575 0 0.09209 0.99575 -0 0.99512 -0.09869 0 -0.10455 -0.99452 -0 -0.99511 0.09872 0 -0 -1E-05 1 0.10455 0.99452 0 0.99471 -0.10269 0 0.99471 -0.10269 0 -0.10964 -0.99397 -0 -0.99472 0.10262 0 -0 -1E-05 1 -0 -1E-05 1 0.10964 0.99397 0 0.99472 -0.10264 0 -0.10963 -0.99397 -0 -0.99471 0.10269 0</float_array>
          <technique_common>
            <accessor source="#norm_0-array" count="8682" stride="3">
              <param name="X" type="float"/>
              <param name="Y" type="float"/>
              <param name="Z" type="float"/>
            </accessor>
          </technique_common>
        </source>
        <vertices id="vert_0">
          <input semantic="POSITION" source="#pos_0"/>
        </vertices>
        <triangles count="6156" material="mat_0">
          <input semantic="VERTEX" source="#vert_0" offset="0"/>
          <input semantic="NORMAL" source="#norm_0" offset="1"/>
          <p>0 0 1 0 2 0 0 0 2 0 3 0 3 1 2 1 4 1 3 1 4 1 5 1 5 2 4 2 6 2 5 2 6 2 7 2 7 3 6 3 1 3 7 3 1 3 0 3 3 4 5 4 7 4 3 4 7 4 0 4 4 5 2 5 1 5 4 5 1 5 6 5 8 0 9 0 10 0 8 0 10 0 11 0 11 1 10 1 12 1 11 1 12 1 13 1 13 2 12 2 14 2 13 2 14 2 15 2 15 3 14 3 9 3 15 3 9 3 8 3 11 4 13 4 15 4 11 4 15 4 8 4 12 5 10 5 9 5 12 5 9 5 14 5 16 3 17 3 18 3 16 3 18 3 19 3 19 0 18 0 20 0 19 0 20 0 21 0 21 1 20 1 22 1 21 1 22 1 23 1 23 2 22 2 17 2 23 2 17 2 16 2 19 4 21 4 23 4 19 4 23 4 16 4 20 5 18 5 17 5 20 5 17 5 22 5 24 0 25 0 26 0 24 0 26 0 27 0 27 1 26 1 28 1 27 1 28 1 29 1 29 2 28 2 30 2 29 2 30 2 31 2 31 3 30 3 25 3 31 3 25 3 24 3 27 4 29 4 31 4 27 4 31 4 24 4 28 5 26 5 25 5 28 5 25 5 30 5 32 3 33 3 34 3 32 3 34 3 35 3 35 0 34 0 36 0 35 0 36 0 37 0 37 1 36 1 38 1 37 1 38 1 39 1 39 2 38 2 33 2 39 2 33 2 32 2 35 4 37 4 39 4 35 4 39 4 32 4 36 5 34 5 33 5 36 5 33 5 38 5 40 0 41 0 42 0 40 0 42 0 43 0 43 1 42 1 44 1 43 1 44 1 45 1 45 2 44 2 46 2 45 2 46 2 47 2 47 3 46 3 41 3 47 3 41 3 40 3 43 4 45 4 47 4 43 4 47 4 40 4 44 5 42 5 41 5 44 5 41 5 46 5 48 0 49 0 50 0 48 0 50 0 51 0 51 1 50 1 52 1 51 1 52 1 53 1 53 2 52 2 54 2 53 2 54 2 55 2 55 3 54 3 49 3 55 3 49 3 48 3 51 4 53 4 55 4 51 4 55 4 48 4 52 5 50 5 49 5 52 5 49 5 54 5 56 0 57 0 58 0 56 0 58 0 59 0 59 1 58 1 60 1 59 1 60 1 61 1 61 2 60 2 62 2 61 2 62 2 63 2 63 3 62 3 57 3 63 3 57 3 56 3 59 4 61 4 63 4 59 4 63 4 56 4 60 5 58 5 57 5 60 5 57 5 62 5 64 0 65 0 66 0 64 0 66 0 67 0 67 1 66 1 68 1 67 1 68 1 69 1 69 2 68 2 70 2 69 2 70 2 71 2 71 3 70 3 65 3 71 3 65 3 64 3 67 4 69 4 71 4 67 4 71 4 64 4 68 5 66 5 65 5 68 5 65 5 70 5 72 0 73 0 74 0 72 0 74 0 75 0 75 1 74 1 76 1 75 1 76 1 77 1 77 2 76 2 78 2 77 2 78 2 79 2 79 3 78 3 73 3 79 3 73 3 72 3 75 4 77 4 79 4 75 4 79 4 72 4 76 5 74 5 73 5 76 5 73 5 78 5 80 0 81 0 82 0 80 0 82 0 83 0 83 1 82 1 84 1 83 1 84 1 85 1 85 2 84 2 86 2 85 2 86 2 87 2 87 3 86 3 81 3 87 3 81 3 80 3 83 4 85 4 87 4 83 4 87 4 80 4 84 5 82 5 81 5 84 5 81 5 86 5 88 0 89 0 90 0 88 0 90 0 91 0 91 1 90 1 92 1 91 1 92 1 93 1 93 2 92 2 94 2 93 2 94 2 95 2 95 3 94 3 89 3 95 3 89 3 88 3 91 4 93 4 95 4 91 4 95 4 88 4 92 5 90 5 89 5 92 5 89 5 94 5 96 0 97 0 98 0 96 0 98 0 99 0 99 1 98 1 100 1 99 1 100 1 101 1 101 2 100 2 102 2 101 2 102 2 103 2 103 3 102 3 97 3 103 3 97 3 96 3 99 4 101 4 103 4 99 4 103 4 96 4 100 5 98 5 97 5 100 5 97 5 102 5 104 0 105 0 106 0 104 0 106 0 107 0 107 1 106 1 108 1 107 1 108 1 109 1 109 2 108 2 110 2 109 2 110 2 111 2 111 3 110 3 105 3 111 3 105 3 104 3 107 4 109 4 111 4 107 4 111 4 104 4 108 5 106 5 105 5 108 5 105 5 110 5 112 0 113 0 114 0 112 0 114 0 115 0 115 1 114 1 116 1 115 1 116 1 117 1 117 2 116 2 118 2 117 2 118 2 119 2 119 3 118 3 113 3 119 3 113 3 112 3 115 4 117 4 119 4 115 4 119 4 112 4 116 5 114 5 113 5 116 5 113 5 118 5 120 0 121 0 122 0 120 0 122 0 123 0 123 1 122 1 124 1 123 1 124 1 125 1 125 2 124 2 126 2 125 2 126 2 127 2 127 3 126 3 121 3 127 3 121 3 120 3 123 4 125 4 127 4 123 4 127 4 120 4 124 5 122 5 121 5 124 5 121 5 126 5 128 0 129 0 130 0 128 0 130 0 131 0 131 1 130 1 132 1 131 1 132 1 133 1 133 2 132 2 134 2 133 2 134 2 135 2 135 3 134 3 129 3 135 3 129 3 128 3 131 4 133 4 135 4 131 4 135 4 128 4 132 5 130 5 129 5 132 5 129 5 134 5 136 0 137 0 138 0 136 0 138 0 139 0 139 1 138 1 140 1 139 1 140 1 141 1 141 2 140 2 142 2 141 2 142 2 143 2 143 3 142 3 137 3 143 3 137 3 136 3 139 4 141 4 143 4 139 4 143 4 136 4 140 5 138 5 137 5 140 5 137 5 142 5 144 0 145 0 146 0 144 0 146 0 147 0 147 1 146 1 148 1 147 1 148 1 149 1 149 2 148 2 150 2 149 2 150 2 151 2 151 3 150 3 145 3 151 3 145 3 144 3 147 4 149 4 151 4 147 4 151 4 144 4 148 5 146 5 145 5 148 5 145 5 150 5 152 0 153 0 154 0 152 0 154 0 155 0 155 1 154 1 156 1 155 1 156 1 157 1 157 2 156 2 158 2 157 2 158 2 159 2 159 3 158 3 153 3 159 3 153 3 152 3 155 4 157 4 159 4 155 4 159 4 152 4 156 5 154 5 153 5 156 5 153 5 158 5 160 3 161 3 162 3 160 3 162 3 163 3 163 0 162 0 164 0 163 0 164 0 165 0 165 1 164 1 166 1 165 1 166 1 167 1 167 2 166 2 161 2 167 2 161 2 160 2 163 4 165 4 167 4 163 4 167 4 160 4 164 5 162 5 161 5 164 5 161 5 166 5 168 3 169 3 170 3 168 3 170 3 171 3 171 0 170 0 172 0 171 0 172 0 173 0 173 1 172 1 174 1 173 1 174 1 175 1 175 2 174 2 169 2 175 2 169 2 168 2 171 4 173 4 175 4 171 4 175 4 168 4 172 5 170 5 169 5 172 5 169 5 174 5 176 0 177 0 178 0 176 0 178 0 179 0 179 1 178 1 180 1 179 1 180 1 181 1 181 2 180 2 182 2 181 2 182 2 183 2 183 3 182 3 177 3 183 3 177 3 176 3 179 4 181 4 183 4 179 4 183 4 176 4 180 5 178 5 177 5 180 5 177 5 182 5 184 3 185 3 186 3 184 3 186 3 187 3 187 6 186 6 188 6 187 6 188 6 189 6 189 1 188 1 190 1 189 1 190 1 191 1 191 7 190 7 185 7 191 7 185 7 184 7 187 4 189 4 191 4 187 4 191 4 184 4 188 5 186 5 185 5 188 5 185 5 190 5 192 3 193 3 194 3 192 3 194 3 195 3 195 0 194 0 196 0 195 0 196 0 197 0 197 1 196 1 198 1 197 1 198 1 199 1 199 2 198 2 193 2 199 2 193 2 192 2 195 4 197 4 199 4 195 4 199 4 192 4 196 5 194 5 193 5 196 5 193 5 198 5 200 3 201 3 202 3 200 3 202 3 203 3 203 8 202 8 204 8 203 8 204 8 205 8 205 1 204 1 206 1 205 1 206 1 207 1 207 9 206 9 201 9 207 9 201 9 200 9 203 4 205 4 207 4 203 4 207 4 200 4 204 5 202 5 201 5 204 5 201 5 206 5 208 3 209 3 210 3 208 3 210 3 211 3 211 0 210 0 212 0 211 0 212 0 213 0 213 1 212 1 214 1 213 1 214 1 215 1 215 2 214 2 209 2 215 2 209 2 208 2 211 4 213 4 215 4 211 4 215 4 208 4 212 5 210 5 209 5 212 5 209 5 214 5 216 0 217 0 218 0 216 0 218 0 219 0 219 1 218 1 220 1 219 1 220 1 221 1 221 2 220 2 222 2 221 2 222 2 223 2 223 3 222 3 217 3 223 3 217 3 216 3 219 4 221 4 223 4 219 4 223 4 216 4 220 5 218 5 217 5 220 5 217 5 222 5 224 0 225 0 226 0 224 0 226 0 227 0 227 1 226 1 228 1 227 1 228 1 229 1 229 2 228 2 230 2 229 2 230 2 231 2 231 3 230 3 225 3 231 3 225 3 224 3 227 4 229 4 231 4 227 4 231 4 224 4 228 5 226 5 225 5 228 5 225 5 230 5 232 3 233 3 234 3 232 3 234 3 235 3 235 0 234 0 236 0 235 0 236 0 237 0 237 1 236 1 238 1 237 1 238 1 239 1 239 2 238 2 233 2 239 2 233 2 232 2 235 4 237 4 239 4 235 4 239 4 232 4 236 5 234 5 233 5 236 5 233 5 238 5 240 0 241 0 242 0 240 0 242 0 243 0 243 1 242 1 244 1 243 1 244 1 245 1 245 2 244 2 246 2 245 2 246 2 247 2 247 3 246 3 241 3 247 3 241 3 240 3 243 4 245 4 247 4 243 4 247 4 240 4 244 5 242 5 241 5 244 5 241 5 246 5 248 0 249 0 250 0 248 0 250 0 251 0 251 1 250 1 252 1 251 1 252 1 253 1 253 2 252 2 254 2 253 2 254 2 255 2 255 3 254 3 249 3 255 3 249 3 248 3 251 4 253 4 255 4 251 4 255 4 248 4 252 5 250 5 249 5 252 5 249 5 254 5 256 0 257 0 258 0 256 0 258 0 259 0 259 1 258 1 260 1 259 1 260 1 261 1 261 2 260 2 262 2 261 2 262 2 263 2 263 3 262 3 257 3 263 3 257 3 256 3 259 4 261 4 263 4 259 4 263 4 256 4 260 5 258 5 257 5 260 5 257 5 262 5 264 0 265 0 266 0 264 0 266 0 267 0 267 1 266 1 268 1 267 1 268 1 269 1 269 2 268 2 270 2 269 2 270 2 271 2 271 3 270 3 265 3 271 3 265 3 264 3 267 4 269 4 271 4 267 4 271 4 264 4 268 5 266 5 265 5 268 5 265 5 270 5 272 0 273 0 274 0 272 0 274 0 275 0 275 1 274 1 276 1 275 1 276 1 277 1 277 2 276 2 278 2 277 2 278 2 279 2 279 3 278 3 273 3 279 3 273 3 272 3 275 4 277 4 279 4 275 4 279 4 272 4 276 5 274 5 273 5 276 5 273 5 278 5 280 0 281 0 282 0 280 0 282 0 283 0 283 1 282 1 284 1 283 1 284 1 285 1 285 2 284 2 286 2 285 2 286 2 287 2 287 3 286 3 281 3 287 3 281 3 280 3 283 4 285 4 287 4 283 4 287 4 280 4 284 5 282 5 281 5 284 5 281 5 286 5 288 0 289 0 290 0 288 0 290 0 291 0 291 1 290 1 292 1 291 1 292 1 293 1 293 2 292 2 294 2 293 2 294 2 295 2 295 3 294 3 289 3 295 3 289 3 288 3 291 4 293 4 295 4 291 4 295 4 288 4 292 5 290 5 289 5 292 5 289 5 294 5 296 0 297 0 298 0 296 0 298 0 299 0 299 1 298 1 300 1 299 1 300 1 301 1 301 2 300 2 302 2 301 2 302 2 303 2 303 3 302 3 297 3 303 3 297 3 296 3 299 4 301 4 303 4 299 4 303 4 296 4 300 5 298 5 297 5 300 5 297 5 302 5 304 0 305 0 306 0 304 0 306 0 307 0 307 1 306 1 308 1 307 1 308 1 309 1 309 2 308 2 310 2 309 2 310 2 311 2 311 3 310 3 305 3 311 3 305 3 304 3 307 4 309 4 311 4 307 4 311 4 304 4 308 5 306 5 305 5 308 5 305 5 310 5 312 3 313 3 314 3 312 3 314 3 315 3 315 10 314 10 316 10 315 10 316 10 317 10 317 1 316 1 318 1 317 1 318 1 319 1 319 11 318 11 313 11 319 11 313 11 312 11 315 4 317 4 319 4 315 4 319 4 312 4 316 5 314 5 313 5 316 5 313 5 318 5 320 3 321 3 322 3 320 3 322 3 323 3 323 0 322 0 324 0 323 0 324 0 325 0 325 1 324 1 326 1 325 1 326 1 327 1 327 2 326 2 321 2 327 2 321 2 320 2 323 4 325 4 327 4 323 4 327 4 320 4 324 5 322 5 321 5 324 5 321 5 326 5 328 3 329 3 330 3 328 3 330 3 331 3 331 0 330 0 332 0 331 0 332 0 333 0 333 1 332 1 334 1 333 1 334 1 335 1 335 2 334 2 329 2 335 2 329 2 328 2 331 4 333 4 335 4 331 4 335 4 328 4 332 5 330 5 329 5 332 5 329 5 334 5 336 3 337 3 338 3 336 3 338 3 339 3 339 0 338 0 340 0 339 0 340 0 341 0 341 1 340 1 342 1 341 1 342 1 343 1 343 2 342 2 337 2 343 2 337 2 336 2 339 4 341 4 343 4 339 4 343 4 336 4 340 5 338 5 337 5 340 5 337 5 342 5 344 3 345 3 346 3 344 3 346 3 347 3 347 0 346 0 348 0 347 0 348 0 349 0 349 1 348 1 350 1 349 1 350 1 351 1 351 2 350 2 345 2 351 2 345 2 344 2 347 4 349 4 351 4 347 4 351 4 344 4 348 5 346 5 345 5 348 5 345 5 350 5 320 3 321 3 322 3 320 3 322 3 323 3 323 0 322 0 324 0 323 0 324 0 325 0 325 1 324 1 326 1 325 1 326 1 327 1 327 2 326 2 321 2 327 2 321 2 320 2 323 4 325 4 327 4 323 4 327 4 320 4 324 5 322 5 321 5 324 5 321 5 326 5 352 3 353 3 354 3 352 3 354 3 355 3 355 0 354 0 356 0 355 0 356 0 357 0 357 1 356 1 358 1 357 1 358 1 359 1 359 2 358 2 353 2 359 2 353 2 352 2 355 4 357 4 359 4 355 4 359 4 352 4 356 5 354 5 353 5 356 5 353 5 358 5 360 0 361 0 362 0 360 0 362 0 363 0 363 1 362 1 364 1 363 1 364 1 365 1 365 2 364 2 366 2 365 2 366 2 367 2 367 3 366 3 361 3 367 3 361 3 360 3 363 4 365 4 367 4 363 4 367 4 360 4 364 5 362 5 361 5 364 5 361 5 366 5 368 0 369 0 370 0 368 0 370 0 371 0 371 1 370 1 372 1 371 1 372 1 373 1 373 2 372 2 374 2 373 2 374 2 375 2 375 3 374 3 369 3 375 3 369 3 368 3 371 4 373 4 375 4 371 4 375 4 368 4 372 5 370 5 369 5 372 5 369 5 374 5 376 0 377 0 378 0 376 0 378 0 379 0 379 1 378 1 380 1 379 1 380 1 381 1 381 2 380 2 382 2 381 2 382 2 383 2 383 3 382 3 377 3 383 3 377 3 376 3 379 4 381 4 383 4 379 4 383 4 376 4 380 5 378 5 377 5 380 5 377 5 382 5 384 3 385 3 386 3 384 3 386 3 387 3 387 0 386 0 388 0 387 0 388 0 389 0 389 1 388 1 390 1 389 1 390 1 391 1 391 2 390 2 385 2 391 2 385 2 384 2 387 4 389 4 391 4 387 4 391 4 384 4 388 5 386 5 385 5 388 5 385 5 390 5 392 3 393 3 394 3 392 3 394 3 395 3 395 12 394 12 396 12 395 12 396 12 397 12 397 1 396 1 398 1 397 1 398 1 399 1 399 13 398 13 393 13 399 13 393 13 392 13 395 4 397 4 399 4 395 4 399 4 392 4 396 5 394 5 393 5 396 5 393 5 398 5 400 3 401 3 402 3 400 3 402 3 403 3 403 0 402 0 404 0 403 0 404 0 405 0 405 1 404 1 406 1 405 1 406 1 407 1 407 2 406 2 401 2 407 2 401 2 400 2 403 4 405 4 407 4 403 4 407 4 400 4 404 5 402 5 401 5 404 5 401 5 406 5 408 3 409 3 410 3 408 3 410 3 411 3 411 0 410 0 412 0 411 0 412 0 413 0 413 1 412 1 414 1 413 1 414 1 415 1 415 2 414 2 409 2 415 2 409 2 408 2 411 4 413 4 415 4 411 4 415 4 408 4 412 5 410 5 409 5 412 5 409 5 414 5 416 3 417 3 418 3 416 3 418 3 419 3 419 0 418 0 420 0 419 0 420 0 421 0 421 1 420 1 422 1 421 1 422 1 423 1 423 2 422 2 417 2 423 2 417 2 416 2 419 4 421 4 423 4 419 4 423 4 416 4 420 5 418 5 417 5 420 5 417 5 422 5 424 0 425 0 426 0 424 0 426 0 427 0 427 1 426 1 428 1 427 1 428 1 429 1 429 2 428 2 430 2 429 2 430 2 431 2 431 3 430 3 425 3 431 3 425 3 424 3 427 4 429 4 431 4 427 4 431 4 424 4 428 5 426 5 425 5 428 5 425 5 430 5 432 0 433 0 434 0 432 0 434 0 435 0 435 1 434 1 436 1 435 1 436 1 437 1 437 2 436 2 438 2 437 2 438 2 439 2 439 3 438 3 433 3 439 3 433 3 432 3 435 4 437 4 439 4 435 4 439 4 432 4 436 5 434 5 433 5 436 5 433 5 438 5 440 14 441 14 442 14 440 14 442 14 443 14 443 15 442 15 444 15 443 15 444 15 445 15 445 16 444 16 446 16 445 16 446 16 447 16 447 17 446 17 441 17 447 17 441 17 440 17 443 4 445 4 447 4 443 4 447 4 440 4 444 5 442 5 441 5 444 5 441 5 446 5 448 0 449 0 450 0 448 0 450 0 451 0 451 1 450 1 452 1 451 1 452 1 453 1 453 2 452 2 454 2 453 2 454 2 455 2 455 3 454 3 449 3 455 3 449 3 448 3 451 4 453 4 455 4 451 4 455 4 448 4 452 5 450 5 449 5 452 5 449 5 454 5 456 0 457 0 458 0 456 0 458 0 459 0 459 1 458 1 460 1 459 1 460 1 461 1 461 2 460 2 462 2 461 2 462 2 463 2 463 3 462 3 457 3 463 3 457 3 456 3 459 4 461 4 463 4 459 4 463 4 456 4 460 5 458 5 457 5 460 5 457 5 462 5 464 3 465 3 466 3 464 3 466 3 467 3 467 0 466 0 468 0 467 0 468 0 469 0 469 1 468 1 470 1 469 1 470 1 471 1 471 2 470 2 465 2 471 2 465 2 464 2 467 4 469 4 471 4 467 4 471 4 464 4 468 5 466 5 465 5 468 5 465 5 470 5 472 0 473 0 474 0 472 0 474 0 475 0 475 1 474 1 476 1 475 1 476 1 477 1 477 2 476 2 478 2 477 2 478 2 479 2 479 3 478 3 473 3 479 3 473 3 472 3 475 4 477 4 479 4 475 4 479 4 472 4 476 5 474 5 473 5 476 5 473 5 478 5 480 0 481 0 482 0 480 0 482 0 483 0 483 1 482 1 484 1 483 1 484 1 485 1 485 2 484 2 486 2 485 2 486 2 487 2 487 3 486 3 481 3 487 3 481 3 480 3 483 4 485 4 487 4 483 4 487 4 480 4 484 5 482 5 481 5 484 5 481 5 486 5 488 0 489 0 490 0 488 0 490 0 491 0 491 1 490 1 492 1 491 1 492 1 493 1 493 2 492 2 494 2 493 2 494 2 495 2 495 3 494 3 489 3 495 3 489 3 488 3 491 4 493 4 495 4 491 4 495 4 488 4 492 5 490 5 489 5 492 5 489 5 494 5 496 3 497 3 498 3 496 3 498 3 499 3 499 0 498 0 500 0 499 0 500 0 501 0 501 1 500 1 502 1 501 1 502 1 503 1 503 2 502 2 497 2 503 2 497 2 496 2 499 4 501 4 503 4 499 4 503 4 496 4 500 5 498 5 497 5 500 5 497 5 502 5 504 18 505 18 506 18 504 18 506 18 507 18 507 19 506 19 508 19 507 19 508 19 509 19 509 20 508 20 510 20 509 20 510 20 511 20 511 21 510 21 505 21 511 21 505 21 504 21 507 4 509 4 511 4 507 4 511 4 504 4 508 5 506 5 505 5 508 5 505 5 510 5 512 22 513 22 514 22 512 22 514 22 515 22 515 23 514 23 516 23 515 23 516 23 517 23 517 24 516 24 518 24 517 24 518 24 519 24 519 25 518 25 513 25 519 25 513 25 512 25 515 4 517 4 519 4 515 4 519 4 512 4 516 5 514 5 513 5 516 5 513 5 518 5 520 26 521 26 522 26 520 26 522 26 523 26 523 27 522 27 524 27 523 27 524 27 525 27 525 28 524 28 526 28 525 28 526 28 527 28 527 29 526 29 521 29 527 29 521 29 520 29 523 4 525 4 527 4 523 4 527 4 520 4 524 5 522 5 521 5 524 5 521 5 526 5 528 3 529 3 530 3 528 3 530 3 531 3 531 0 530 0 532 0 531 0 532 0 533 0 533 1 532 1 534 1 533 1 534 1 535 1 535 2 534 2 529 2 535 2 529 2 528 2 531 4 533 4 535 4 531 4 535 4 528 4 532 5 530 5 529 5 532 5 529 5 534 5 536 0 537 0 538 0 536 0 538 0 539 0 539 1 538 1 540 1 539 1 540 1 541 1 541 2 540 2 542 2 541 2 542 2 543 2 543 3 542 3 537 3 543 3 537 3 536 3 539 4 541 4 543 4 539 4 543 4 536 4 540 5 538 5 537 5 540 5 537 5 542 5 544 3 545 3 546 3 544 3 546 3 547 3 547 0 546 0 548 0 547 0 548 0 549 0 549 1 548 1 550 1 549 1 550 1 551 1 551 2 550 2 545 2 551 2 545 2 544 2 547 4 549 4 551 4 547 4 551 4 544 4 548 5 546 5 545 5 548 5 545 5 550 5 552 3 553 3 554 3 552 3 554 3 555 3 555 0 554 0 556 0 555 0 556 0 557 0 557 1 556 1 558 1 557 1 558 1 559 1 559 2 558 2 553 2 559 2 553 2 552 2 555 4 557 4 559 4 555 4 559 4 552 4 556 5 554 5 553 5 556 5 553 5 558 5 560 0 561 0 562 0 560 0 562 0 563 0 563 1 562 1 564 1 563 1 564 1 565 1 565 2 564 2 566 2 565 2 566 2 567 2 567 3 566 3 561 3 567 3 561 3 560 3 563 4 565 4 567 4 563 4 567 4 560 4 564 5 562 5 561 5 564 5 561 5 566 5 568 0 569 0 570 0 568 0 570 0 571 0 571 1 570 1 572 1 571 1 572 1 573 1 573 2 572 2 574 2 573 2 574 2 575 2 575 3 574 3 569 3 575 3 569 3 568 3 571 4 573 4 575 4 571 4 575 4 568 4 572 5 570 5 569 5 572 5 569 5 574 5 576 0 577 0 578 0 576 0 578 0 579 0 579 1 578 1 580 1 579 1 580 1 581 1 581 2 580 2 582 2 581 2 582 2 583 2 583 3 582 3 577 3 583 3 577 3 576 3 579 4 581 4 583 4 579 4 583 4 576 4 580 5 578 5 577 5 580 5 577 5 582 5 584 0 585 0 586 0 584 0 586 0 587 0 587 1 586 1 588 1 587 1 588 1 589 1 589 2 588 2 590 2 589 2 590 2 591 2 591 3 590 3 585 3 591 3 585 3 584 3 587 4 589 4 591 4 587 4 591 4 584 4 588 5 586 5 585 5 588 5 585 5 590 5 592 0 593 0 594 0 592 0 594 0 595 0 595 1 594 1 596 1 595 1 596 1 597 1 597 2 596 2 598 2 597 2 598 2 599 2 599 3 598 3 593 3 599 3 593 3 592 3 595 4 597 4 599 4 595 4 599 4 592 4 596 5 594 5 593 5 596 5 593 5 598 5 600 0 601 0 602 0 600 0 602 0 603 0 603 1 602 1 604 1 603 1 604 1 605 1 605 2 604 2 606 2 605 2 606 2 607 2 607 3 606 3 601 3 607 3 601 3 600 3 603 4 605 4 607 4 603 4 607 4 600 4 604 5 602 5 601 5 604 5 601 5 606 5 608 0 609 0 610 0 608 0 610 0 611 0 611 1 610 1 612 1 611 1 612 1 613 1 613 2 612 2 614 2 613 2 614 2 615 2 615 3 614 3 609 3 615 3 609 3 608 3 611 4 613 4 615 4 611 4 615 4 608 4 612 5 610 5 609 5 612 5 609 5 614 5 616 0 617 0 618 0 616 0 618 0 619 0 619 1 618 1 620 1 619 1 620 1 621 1 621 2 620 2 622 2 621 2 622 2 623 2 623 3 622 3 617 3 623 3 617 3 616 3 619 4 621 4 623 4 619 4 623 4 616 4 620 5 618 5 617 5 620 5 617 5 622 5 624 0 625 0 626 0 624 0 626 0 627 0 627 1 626 1 628 1 627 1 628 1 629 1 629 2 628 2 630 2 629 2 630 2 631 2 631 3 630 3 625 3 631 3 625 3 624 3 627 4 629 4 631 4 627 4 631 4 624 4 628 5 626 5 625 5 628 5 625 5 630 5 632 0 633 0 634 0 632 0 634 0 635 0 635 1 634 1 636 1 635 1 636 1 637 1 637 2 636 2 638 2 637 2 638 2 639 2 639 3 638 3 633 3 639 3 633 3 632 3 635 4 637 4 639 4 635 4 639 4 632 4 636 5 634 5 633 5 636 5 633 5 638 5 640 3 641 3 642 3 640 3 642 3 643 3 643 30 642 30 644 30 643 30 644 30 645 30 645 1 644 1 646 1 645 1 646 1 647 1 647 31 646 31 641 31 647 31 641 31 640 31 643 4 645 4 647 4 643 4 647 4 640 4 644 5 642 5 641 5 644 5 641 5 646 5 648 3 649 3 650 3 648 3 650 3 651 3 651 0 650 0 652 0 651 0 652 0 653 0 653 1 652 1 654 1 653 1 654 1 655 1 655 2 654 2 649 2 655 2 649 2 648 2 651 4 653 4 655 4 651 4 655 4 648 4 652 5 650 5 649 5 652 5 649 5 654 5 656 0 657 0 658 0 656 0 658 0 659 0 659 1 658 1 660 1 659 1 660 1 661 1 661 2 660 2 662 2 661 2 662 2 663 2 663 3 662 3 657 3 663 3 657 3 656 3 659 4 661 4 663 4 659 4 663 4 656 4 660 5 658 5 657 5 660 5 657 5 662 5 664 3 665 3 666 3 664 3 666 3 667 3 667 0 666 0 668 0 667 0 668 0 669 0 669 1 668 1 670 1 669 1 670 1 671 1 671 2 670 2 665 2 671 2 665 2 664 2 667 4 669 4 671 4 667 4 671 4 664 4 668 5 666 5 665 5 668 5 665 5 670 5 672 0 673 0 674 0 672 0 674 0 675 0 675 1 674 1 676 1 675 1 676 1 677 1 677 2 676 2 678 2 677 2 678 2 679 2 679 3 678 3 673 3 679 3 673 3 672 3 675 4 677 4 679 4 675 4 679 4 672 4 676 5 674 5 673 5 676 5 673 5 678 5 680 0 681 0 682 0 680 0 682 0 683 0 683 1 682 1 684 1 683 1 684 1 685 1 685 2 684 2 686 2 685 2 686 2 687 2 687 3 686 3 681 3 687 3 681 3 680 3 683 4 685 4 687 4 683 4 687 4 680 4 684 5 682 5 681 5 684 5 681 5 686 5 688 3 689 3 690 3 688 3 690 3 691 3 691 0 690 0 692 0 691 0 692 0 693 0 693 1 692 1 694 1 693 1 694 1 695 1 695 2 694 2 689 2 695 2 689 2 688 2 691 4 693 4 695 4 691 4 695 4 688 4 692 5 690 5 689 5 692 5 689 5 694 5 696 3 697 3 698 3 696 3 698 3 699 3 699 0 698 0 700 0 699 0 700 0 701 0 701 1 700 1 702 1 701 1 702 1 703 1 703 2 702 2 697 2 703 2 697 2 696 2 699 4 701 4 703 4 699 4 703 4 696 4 700 5 698 5 697 5 700 5 697 5 702 5 704 3 705 3 706 3 704 3 706 3 707 3 707 0 706 0 708 0 707 0 708 0 709 0 709 1 708 1 710 1 709 1 710 1 711 1 711 2 710 2 705 2 711 2 705 2 704 2 707 4 709 4 711 4 707 4 711 4 704 4 708 5 706 5 705 5 708 5 705 5 710 5 712 0 713 0 714 0 712 0 714 0 715 0 715 1 714 1 716 1 715 1 716 1 717 1 717 2 716 2 718 2 717 2 718 2 719 2 719 3 718 3 713 3 719 3 713 3 712 3 715 4 717 4 719 4 715 4 719 4 712 4 716 5 714 5 713 5 716 5 713 5 718 5 720 3 721 3 722 3 720 3 722 3 723 3 723 0 722 0 724 0 723 0 724 0 725 0 725 1 724 1 726 1 725 1 726 1 727 1 727 2 726 2 721 2 727 2 721 2 720 2 723 4 725 4 727 4 723 4 727 4 720 4 724 5 722 5 721 5 724 5 721 5 726 5 728 0 729 0 730 0 728 0 730 0 731 0 731 1 730 1 732 1 731 1 732 1 733 1 733 2 732 2 734 2 733 2 734 2 735 2 735 3 734 3 729 3 735 3 729 3 728 3 731 4 733 4 735 4 731 4 735 4 728 4 732 5 730 5 729 5 732 5 729 5 734 5 736 3 737 3 738 3 736 3 738 3 739 3 739 0 738 0 740 0 739 0 740 0 741 0 741 1 740 1 742 1 741 1 742 1 743 1 743 2 742 2 737 2 743 2 737 2 736 2 739 4 741 4 743 4 739 4 743 4 736 4 740 5 738 5 737 5 740 5 737 5 742 5 744 0 745 0 746 0 744 0 746 0 747 0 747 1 746 1 748 1 747 1 748 1 749 1 749 2 748 2 750 2 749 2 750 2 751 2 751 3 750 3 745 3 751 3 745 3 744 3 747 4 749 4 751 4 747 4 751 4 744 4 748 5 746 5 745 5 748 5 745 5 750 5 752 32 753 32 754 32 752 32 754 32 755 32 755 33 754 33 756 33 755 33 756 33 757 33 757 34 756 34 758 34 757 34 758 34 759 34 759 35 758 35 753 35 759 35 753 35 752 35 755 4 757 4 759 4 755 4 759 4 752 4 756 5 754 5 753 5 756 5 753 5 758 5 760 32 761 32 762 32 760 32 762 32 763 32 763 33 762 33 764 33 763 33 764 33 765 33 765 34 764 34 766 34 765 34 766 34 767 34 767 35 766 35 761 35 767 35 761 35 760 35 763 4 765 4 767 4 763 4 767 4 760 4 764 5 762 5 761 5 764 5 761 5 766 5 768 36 769 36 770 36 768 36 770 36 771 36 771 37 770 37 772 37 771 37 772 37 773 37 773 38 772 38 774 38 773 38 774 38 775 38 775 39 774 39 769 39 775 39 769 39 768 39 771 4 773 4 775 4 771 4 775 4 768 4 772 5 770 5 769 5 772 5 769 5 774 5 776 36 777 36 778 36 776 36 778 36 779 36 779 37 778 37 780 37 779 37 780 37 781 37 781 38 780 38 782 38 781 38 782 38 783 38 783 39 782 39 777 39 783 39 777 39 776 39 779 4 781 4 783 4 779 4 783 4 776 4 780 5 778 5 777 5 780 5 777 5 782 5 784 36 785 36 786 36 784 36 786 36 787 36 787 37 786 37 788 37 787 37 788 37 789 37 789 38 788 38 790 38 789 38 790 38 791 38 791 39 790 39 785 39 791 39 785 39 784 39 787 4 789 4 791 4 787 4 791 4 784 4 788 5 786 5 785 5 788 5 785 5 790 5 792 36 793 36 794 36 792 36 794 36 795 36 795 37 794 37 796 37 795 37 796 37 797 37 797 38 796 38 798 38 797 38 798 38 799 38 799 39 798 39 793 39 799 39 793 39 792 39 795 4 797 4 799 4 795 4 799 4 792 4 796 5 794 5 793 5 796 5 793 5 798 5 800 32 801 32 802 32 800 32 802 32 803 32 803 33 802 33 804 33 803 33 804 33 805 33 805 34 804 34 806 34 805 34 806 34 807 34 807 35 806 35 801 35 807 35 801 35 800 35 803 4 805 4 807 4 803 4 807 4 800 4 804 5 802 5 801 5 804 5 801 5 806 5 808 32 809 32 810 32 808 32 810 32 811 32 811 33 810 33 812 33 811 33 812 33 813 33 813 34 812 34 814 34 813 34 814 34 815 34 815 35 814 35 809 35 815 35 809 35 808 35 811 4 813 4 815 4 811 4 815 4 808 4 812 5 810 5 809 5 812 5 809 5 814 5 816 0 817 0 818 0 816 0 818 0 819 0 819 1 818 1 820 1 819 1 820 1 821 1 821 2 820 2 822 2 821 2 822 2 823 2 823 3 822 3 817 3 823 3 817 3 816 3 819 4 821 4 823 4 819 4 823 4 816 4 820 5 818 5 817 5 820 5 817 5 822 5 824 0 825 0 826 0 824 0 826 0 827 0 827 1 826 1 828 1 827 1 828 1 829 1 829 2 828 2 830 2 829 2 830 2 831 2 831 3 830 3 825 3 831 3 825 3 824 3 827 4 829 4 831 4 827 4 831 4 824 4 828 5 826 5 825 5 828 5 825 5 830 5 832 0 833 0 834 0 832 0 834 0 835 0 835 1 834 1 836 1 835 1 836 1 837 1 837 2 836 2 838 2 837 2 838 2 839 2 839 3 838 3 833 3 839 3 833 3 832 3 835 4 837 4 839 4 835 4 839 4 832 4 836 5 834 5 833 5 836 5 833 5 838 5 840 0 841 0 842 0 840 0 842 0 843 0 843 1 842 1 844 1 843 1 844 1 845 1 845 2 844 2 846 2 845 2 846 2 847 2 847 3 846 3 841 3 847 3 841 3 840 3 843 4 845 4 847 4 843 4 847 4 840 4 844 5 842 5 841 5 844 5 841 5 846 5 848 3 849 3 850 3 848 3 850 3 851 3 851 0 850 0 852 0 851 0 852 0 853 0 853 1 852 1 854 1 853 1 854 1 855 1 855 2 854 2 849 2 855 2 849 2 848 2 851 4 853 4 855 4 851 4 855 4 848 4 852 5 850 5 849 5 852 5 849 5 854 5 856 3 857 3 858 3 856 3 858 3 859 3 859 0 858 0 860 0 859 0 860 0 861 0 861 1 860 1 862 1 861 1 862 1 863 1 863 2 862 2 857 2 863 2 857 2 856 2 859 4 861 4 863 4 859 4 863 4 856 4 860 5 858 5 857 5 860 5 857 5 862 5 864 3 865 3 866 3 864 3 866 3 867 3 867 0 866 0 868 0 867 0 868 0 869 0 869 1 868 1 870 1 869 1 870 1 871 1 871 2 870 2 865 2 871 2 865 2 864 2 867 4 869 4 871 4 867 4 871 4 864 4 868 5 866 5 865 5 868 5 865 5 870 5 872 3 873 3 874 3 872 3 874 3 875 3 875 0 874 0 876 0 875 0 876 0 877 0 877 1 876 1 878 1 877 1 878 1 879 1 879 2 878 2 873 2 879 2 873 2 872 2 875 4 877 4 879 4 875 4 879 4 872 4 876 5 874 5 873 5 876 5 873 5 878 5 880 0 881 0 882 0 880 0 882 0 883 0 883 1 882 1 884 1 883 1 884 1 885 1 885 2 884 2 886 2 885 2 886 2 887 2 887 3 886 3 881 3 887 3 881 3 880 3 883 4 885 4 887 4 883 4 887 4 880 4 884 5 882 5 881 5 884 5 881 5 886 5 888 0 889 0 890 0 888 0 890 0 891 0 891 1 890 1 892 1 891 1 892 1 893 1 893 2 892 2 894 2 893 2 894 2 895 2 895 3 894 3 889 3 895 3 889 3 888 3 891 4 893 4 895 4 891 4 895 4 888 4 892 5 890 5 889 5 892 5 889 5 894 5 896 40 897 40 898 40 896 40 898 40 899 40 899 41 898 41 900 41 899 42 900 42 901 42 901 43 900 43 902 43 901 44 902 44 903 44 903 45 902 45 897 45 903 45 897 45 896 45 899 4 901 4 903 4 899 4 903 4 896 4 900 5 898 5 897 5 900 5 897 5 902 5 903 46 902 46 900 46 903 47 900 47 901 47 901 48 900 48 904 48 901 49 904 49 905 49 905 50 904 50 906 50 905 50 906 50 907 50 907 51 906 51 902 51 907 52 902 52 903 52 901 4 905 4 907 4 901 4 907 4 903 4 904 53 900 53 902 53 904 54 902 54 906 54 907 55 906 55 904 55 907 55 904 55 905 55 905 56 904 56 908 56 905 56 908 56 909 56 909 57 908 57 910 57 909 57 910 57 911 57 911 58 910 58 906 58 911 59 906 59 907 59 905 4 909 4 911 4 905 4 911 4 907 4 908 60 904 60 906 60 908 61 906 61 910 61 911 62 910 62 908 62 911 62 908 62 909 62 909 63 908 63 912 63 909 63 912 63 913 63 913 64 912 64 914 64 913 64 914 64 915 64 915 65 914 65 910 65 915 65 910 65 911 65 909 4 913 4 915 4 909 4 915 4 911 4 912 5 908 5 910 5 912 5 910 5 914 5 915 66 914 66 912 66 915 66 912 66 913 66 913 67 912 67 916 67 913 67 916 67 917 67 917 68 916 68 918 68 917 68 918 68 919 68 919 69 918 69 914 69 919 69 914 69 915 69 913 4 917 4 919 4 913 4 919 4 915 4 916 5 912 5 914 5 916 5 914 5 918 5 919 70 918 70 916 70 919 70 916 70 917 70 917 71 916 71 920 71 917 71 920 71 921 71 921 72 920 72 922 72 921 72 922 72 923 72 923 73 922 73 918 73 923 73 918 73 919 73 917 4 921 4 923 4 917 4 923 4 919 4 920 74 916 74 918 74 920 75 918 75 922 75 923 76 922 76 920 76 923 76 920 76 921 76 921 77 920 77 924 77 921 77 924 77 925 77 925 78 924 78 926 78 925 78 926 78 927 78 927 79 926 79 922 79 927 79 922 79 923 79 921 4 925 4 927 4 921 4 927 4 923 4 924 80 920 80 922 80 924 81 922 81 926 81 927 82 926 82 924 82 927 82 924 82 925 82 925 83 924 83 928 83 925 84 928 84 929 84 929 85 928 85 930 85 929 85 930 85 931 85 931 86 930 86 926 86 931 86 926 86 927 86 925 4 929 4 931 4 925 4 931 4 927 4 928 87 924 87 926 87 928 88 926 88 930 88 931 89 930 89 928 89 931 89 928 89 929 89 929 90 928 90 932 90 929 90 932 90 933 90 933 91 932 91 934 91 933 92 934 92 935 92 935 93 934 93 930 93 935 94 930 94 931 94 929 4 933 4 935 4 929 4 935 4 931 4 932 5 928 5 930 5 932 95 930 95 934 95 935 96 934 96 932 96 935 97 932 97 933 97 933 98 932 98 936 98 933 99 936 99 937 99 937 100 936 100 938 100 937 100 938 100 939 100 939 101 938 101 934 101 939 102 934 102 935 102 933 4 937 4 939 4 933 4 939 4 935 4 936 103 932 103 934 103 936 104 934 104 938 104 939 105 938 105 936 105 939 105 936 105 937 105 937 106 936 106 940 106 937 106 940 106 941 106 941 107 940 107 942 107 941 107 942 107 943 107 943 108 942 108 938 108 943 108 938 108 939 108 937 4 941 4 943 4 937 4 943 4 939 4 940 5 936 5 938 5 940 5 938 5 942 5 943 109 942 109 940 109 943 109 940 109 941 109 941 110 940 110 944 110 941 111 944 111 945 111 945 112 944 112 946 112 945 112 946 112 947 112 947 113 946 113 942 113 947 114 942 114 943 114 941 4 945 4 947 4 941 4 947 4 943 4 944 115 940 115 942 115 944 116 942 116 946 116 947 117 946 117 944 117 947 117 944 117 945 117 945 118 944 118 948 118 945 119 948 119 949 119 949 120 948 120 950 120 949 120 950 120 951 120 951 121 950 121 946 121 951 122 946 122 947 122 945 4 949 4 951 4 945 4 951 4 947 4 948 123 944 123 946 123 948 124 946 124 950 124 951 125 950 125 948 125 951 125 948 125 949 125 949 126 948 126 952 126 949 127 952 127 953 127 953 128 952 128 954 128 953 128 954 128 955 128 955 129 954 129 950 129 955 129 950 129 951 129 949 4 953 4 955 4 949 4 955 4 951 4 952 130 948 130 950 130 952 131 950 131 954 131 955 132 954 132 952 132 955 132 952 132 953 132 953 133 952 133 956 133 953 133 956 133 957 133 957 134 956 134 958 134 957 134 958 134 959 134 959 135 958 135 954 135 959 135 954 135 955 135 953 4 957 4 959 4 953 4 959 4 955 4 956 5 952 5 954 5 956 5 954 5 958 5 959 136 958 136 956 136 959 136 956 136 957 136 957 137 956 137 960 137 957 137 960 137 961 137 961 138 960 138 962 138 961 138 962 138 963 138 963 139 962 139 958 139 963 139 958 139 959 139 957 4 961 4 963 4 957 4 963 4 959 4 960 5 956 5 958 5 960 5 958 5 962 5 963 140 962 140 960 140 963 140 960 140 961 140 961 141 960 141 964 141 961 141 964 141 965 141 965 142 964 142 966 142 965 142 966 142 967 142 967 143 966 143 962 143 967 143 962 143 963 143 961 4 965 4 967 4 961 4 967 4 963 4 964 144 960 144 962 144 964 145 962 145 966 145 967 146 966 146 964 146 967 146 964 146 965 146 965 147 964 147 968 147 965 148 968 148 969 148 969 149 968 149 970 149 969 150 970 150 971 150 971 151 970 151 966 151 971 152 966 152 967 152 965 4 969 4 971 4 965 4 971 4 967 4 968 153 964 153 966 153 968 154 966 154 970 154 971 155 970 155 968 155 971 156 968 156 969 156 969 157 968 157 972 157 969 158 972 158 973 158 973 159 972 159 974 159 973 160 974 160 975 160 975 161 974 161 970 161 975 162 970 162 971 162 969 4 973 4 975 4 969 4 975 4 971 4 972 163 968 163 970 163 972 164 970 164 974 164 975 165 974 165 972 165 975 166 972 166 973 166 973 167 972 167 976 167 973 167 976 167 977 167 977 168 976 168 978 168 977 168 978 168 979 168 979 169 978 169 974 169 979 170 974 170 975 170 973 4 977 4 979 4 973 4 979 4 975 4 976 171 972 171 974 171 976 172 974 172 978 172 979 173 978 173 976 173 979 173 976 173 977 173 977 174 976 174 980 174 977 174 980 174 981 174 981 175 980 175 982 175 981 175 982 175 983 175 983 176 982 176 978 176 983 177 978 177 979 177 977 4 981 4 983 4 977 4 983 4 979 4 980 178 976 178 978 178 980 179 978 179 982 179 983 180 982 180 980 180 983 180 980 180 981 180 981 181 980 181 984 181 981 182 984 182 985 182 985 183 984 183 986 183 985 184 986 184 987 184 987 185 986 185 982 185 987 185 982 185 983 185 981 4 985 4 987 4 981 4 987 4 983 4 984 186 980 186 982 186 984 187 982 187 986 187 987 188 986 188 984 188 987 189 984 189 985 189 985 190 984 190 988 190 985 191 988 191 989 191 989 192 988 192 990 192 989 192 990 192 991 192 991 193 990 193 986 193 991 193 986 193 987 193 985 4 989 4 991 4 985 4 991 4 987 4 988 194 984 194 986 194 988 195 986 195 990 195 991 196 990 196 988 196 991 196 988 196 989 196 989 197 988 197 992 197 989 198 992 198 993 198 993 199 992 199 994 199 993 199 994 199 995 199 995 200 994 200 990 200 995 201 990 201 991 201 989 4 993 4 995 4 989 4 995 4 991 4 992 202 988 202 990 202 992 203 990 203 994 203 995 204 994 204 992 204 995 204 992 204 993 204 993 205 992 205 996 205 993 206 996 206 997 206 997 207 996 207 998 207 997 208 998 208 999 208 999 209 998 209 994 209 999 209 994 209 995 209 993 4 997 4 999 4 993 4 999 4 995 4 996 210 992 210 994 210 996 211 994 211 998 211 999 212 998 212 996 212 999 213 996 213 997 213 997 214 996 214 1000 214 997 215 1000 215 1001 215 1001 216 1000 216 1002 216 1001 217 1002 217 1003 217 1003 218 1002 218 998 218 1003 218 998 218 999 218 997 4 1001 4 1003 4 997 4 1003 4 999 4 1000 219 996 219 998 219 1000 220 998 220 1002 220 1003 221 1002 221 1000 221 1003 222 1000 222 1001 222 1001 223 1000 223 1004 223 1001 224 1004 224 1005 224 1005 225 1004 225 1006 225 1005 225 1006 225 1007 225 1007 226 1006 226 1002 226 1007 226 1002 226 1003 226 1001 4 1005 4 1007 4 1001 4 1007 4 1003 4 1004 227 1000 227 1002 227 1004 228 1002 228 1006 228 1007 229 1006 229 1004 229 1007 229 1004 229 1005 229 1005 230 1004 230 1008 230 1005 230 1008 230 1009 230 1009 231 1008 231 1010 231 1009 231 1010 231 1011 231 1011 232 1010 232 1006 232 1011 232 1006 232 1007 232 1005 4 1009 4 1011 4 1005 4 1011 4 1007 4 1008 5 1004 5 1006 5 1008 5 1006 5 1010 5 1011 233 1010 233 1008 233 1011 233 1008 233 1009 233 1009 234 1008 234 1012 234 1009 235 1012 235 1013 235 1013 236 1012 236 1014 236 1013 237 1014 237 1015 237 1015 238 1014 238 1010 238 1015 238 1010 238 1011 238 1009 4 1013 4 1015 4 1009 4 1015 4 1011 4 1012 239 1008 239 1010 239 1012 240 1010 240 1014 240 1015 241 1014 241 1012 241 1015 242 1012 242 1013 242 1013 243 1012 243 1016 243 1013 244 1016 244 1017 244 1017 245 1016 245 1018 245 1017 245 1018 245 1019 245 1019 246 1018 246 1014 246 1019 246 1014 246 1015 246 1013 4 1017 4 1019 4 1013 4 1019 4 1015 4 1016 5 1012 5 1014 5 1016 5 1014 5 1018 5 1019 247 1018 247 1016 247 1019 247 1016 247 1017 247 1017 248 1016 248 1020 248 1017 248 1020 248 1021 248 1021 249 1020 249 1022 249 1021 249 1022 249 1023 249 1023 250 1022 250 1018 250 1023 250 1018 250 1019 250 1017 4 1021 4 1023 4 1017 4 1023 4 1019 4 1020 5 1016 5 1018 5 1020 5 1018 5 1022 5 1023 251 1022 251 1020 251 1023 251 1020 251 1021 251 1021 252 1020 252 1024 252 1021 252 1024 252 1025 252 1025 253 1024 253 1026 253 1025 253 1026 253 1027 253 1027 254 1026 254 1022 254 1027 254 1022 254 1023 254 1021 4 1025 4 1027 4 1021 4 1027 4 1023 4 1024 5 1020 5 1022 5 1024 5 1022 5 1026 5 1027 255 1026 255 1024 255 1027 255 1024 255 1025 255 1025 256 1024 256 1028 256 1025 256 1028 256 1029 256 1029 257 1028 257 1030 257 1029 257 1030 257 1031 257 1031 258 1030 258 1026 258 1031 259 1026 259 1027 259 1025 4 1029 4 1031 4 1025 4 1031 4 1027 4 1028 260 1024 260 1026 260 1028 261 1026 261 1030 261 1031 262 1030 262 1028 262 1031 262 1028 262 1029 262 1029 263 1028 263 1032 263 1029 263 1032 263 1033 263 1033 264 1032 264 1034 264 1033 264 1034 264 1035 264 1035 265 1034 265 1030 265 1035 265 1030 265 1031 265 1029 4 1033 4 1035 4 1029 4 1035 4 1031 4 1032 266 1028 266 1030 266 1032 267 1030 267 1034 267 1035 268 1034 268 1032 268 1035 268 1032 268 1033 268 1033 269 1032 269 1036 269 1033 270 1036 270 1037 270 1037 271 1036 271 1038 271 1037 271 1038 271 1039 271 1039 272 1038 272 1034 272 1039 273 1034 273 1035 273 1033 4 1037 4 1039 4 1033 4 1039 4 1035 4 1036 274 1032 274 1034 274 1036 275 1034 275 1038 275 1039 276 1038 276 1036 276 1039 276 1036 276 1037 276 1037 277 1036 277 1040 277 1037 278 1040 278 1041 278 1041 279 1040 279 1042 279 1041 279 1042 279 1043 279 1043 280 1042 280 1038 280 1043 281 1038 281 1039 281 1037 4 1041 4 1043 4 1037 4 1043 4 1039 4 1040 282 1036 282 1038 282 1040 283 1038 283 1042 283 1043 284 1042 284 1040 284 1043 284 1040 284 1041 284 1041 285 1040 285 1044 285 1041 285 1044 285 1045 285 1045 286 1044 286 1046 286 1045 286 1046 286 1047 286 1047 287 1046 287 1042 287 1047 287 1042 287 1043 287 1041 4 1045 4 1047 4 1041 4 1047 4 1043 4 1044 5 1040 5 1042 5 1044 5 1042 5 1046 5 1047 288 1046 288 1044 288 1047 288 1044 288 1045 288 1045 289 1044 289 1048 289 1045 290 1048 290 1049 290 1049 291 1048 291 1050 291 1049 291 1050 291 1051 291 1051 292 1050 292 1046 292 1051 292 1046 292 1047 292 1045 4 1049 4 1051 4 1045 4 1051 4 1047 4 1048 293 1044 293 1046 293 1048 294 1046 294 1050 294 1051 295 1050 295 1048 295 1051 295 1048 295 1049 295 1049 296 1048 296 1052 296 1049 297 1052 297 1053 297 1053 298 1052 298 1054 298 1053 299 1054 299 1055 299 1055 300 1054 300 1050 300 1055 301 1050 301 1051 301 1049 4 1053 4 1055 4 1049 4 1055 4 1051 4 1052 302 1048 302 1050 302 1052 303 1050 303 1054 303 1055 304 1054 304 1052 304 1055 305 1052 305 1053 305 1053 306 1052 306 1056 306 1053 306 1056 306 1057 306 1057 307 1056 307 1058 307 1057 308 1058 308 1059 308 1059 309 1058 309 1054 309 1059 310 1054 310 1055 310 1053 4 1057 4 1059 4 1053 4 1059 4 1055 4 1056 311 1052 311 1054 311 1056 312 1054 312 1058 312 1059 313 1058 313 1056 313 1059 314 1056 314 1057 314 1057 315 1056 315 1060 315 1057 316 1060 316 1061 316 1061 317 1060 317 1062 317 1061 318 1062 318 1063 318 1063 319 1062 319 1058 319 1063 319 1058 319 1059 319 1057 4 1061 4 1063 4 1057 4 1063 4 1059 4 1060 320 1056 320 1058 320 1060 321 1058 321 1062 321 1063 322 1062 322 1060 322 1063 323 1060 323 1061 323 1061 324 1060 324 1064 324 1061 325 1064 325 1065 325 1065 326 1064 326 1066 326 1065 327 1066 327 1067 327 1067 328 1066 328 1062 328 1067 328 1062 328 1063 328 1061 4 1065 4 1067 4 1061 4 1067 4 1063 4 1064 329 1060 329 1062 329 1064 330 1062 330 1066 330 1067 331 1066 331 1064 331 1067 332 1064 332 1065 332 1065 333 1064 333 1068 333 1065 334 1068 334 1069 334 1069 335 1068 335 1070 335 1069 335 1070 335 1071 335 1071 336 1070 336 1066 336 1071 337 1066 337 1067 337 1065 4 1069 4 1071 4 1065 4 1071 4 1067 4 1068 338 1064 338 1066 338 1068 339 1066 339 1070 339 1071 340 1070 340 1068 340 1071 340 1068 340 1069 340 1069 341 1068 341 1072 341 1069 342 1072 342 1073 342 1073 343 1072 343 1074 343 1073 344 1074 344 1075 344 1075 345 1074 345 1070 345 1075 345 1070 345 1071 345 1069 4 1073 4 1075 4 1069 4 1075 4 1071 4 1072 5 1068 5 1070 5 1072 346 1070 346 1074 346 1075 347 1074 347 1072 347 1075 348 1072 348 1073 348 1073 349 1072 349 1076 349 1073 350 1076 350 1077 350 1077 351 1076 351 1078 351 1077 352 1078 352 1079 352 1079 353 1078 353 1074 353 1079 354 1074 354 1075 354 1073 4 1077 4 1079 4 1073 4 1079 4 1075 4 1076 355 1072 355 1074 355 1076 5 1074 5 1078 5 1079 356 1078 356 1076 356 1079 357 1076 357 1077 357 1077 358 1076 358 1080 358 1077 359 1080 359 1081 359 1081 360 1080 360 1082 360 1081 360 1082 360 1083 360 1083 361 1082 361 1078 361 1083 362 1078 362 1079 362 1077 4 1081 4 1083 4 1077 4 1083 4 1079 4 1080 363 1076 363 1078 363 1080 364 1078 364 1082 364 1083 365 1082 365 1080 365 1083 365 1080 365 1081 365 1081 366 1080 366 1084 366 1081 366 1084 366 1085 366 1085 367 1084 367 1086 367 1085 367 1086 367 1087 367 1087 368 1086 368 1082 368 1087 368 1082 368 1083 368 1081 4 1085 4 1087 4 1081 4 1087 4 1083 4 1084 369 1080 369 1082 369 1084 370 1082 370 1086 370 1087 371 1086 371 1084 371 1087 371 1084 371 1085 371 1085 372 1084 372 1088 372 1085 373 1088 373 1089 373 1089 374 1088 374 1090 374 1089 374 1090 374 1091 374 1091 375 1090 375 1086 375 1091 375 1086 375 1087 375 1085 4 1089 4 1091 4 1085 4 1091 4 1087 4 1088 376 1084 376 1086 376 1088 377 1086 377 1090 377 1091 378 1090 378 1088 378 1091 378 1088 378 1089 378 1089 379 1088 379 1092 379 1089 380 1092 380 1093 380 1093 381 1092 381 1094 381 1093 382 1094 382 1095 382 1095 383 1094 383 1090 383 1095 383 1090 383 1091 383 1089 4 1093 4 1095 4 1089 4 1095 4 1091 4 1092 5 1088 5 1090 5 1092 5 1090 5 1094 5 1095 384 1094 384 1092 384 1095 385 1092 385 1093 385 1093 386 1092 386 1096 386 1093 387 1096 387 1097 387 1097 388 1096 388 1098 388 1097 388 1098 388 1099 388 1099 389 1098 389 1094 389 1099 389 1094 389 1095 389 1093 4 1097 4 1099 4 1093 4 1099 4 1095 4 1096 5 1092 5 1094 5 1096 5 1094 5 1098 5 1100 390 1101 390 1102 390 1100 390 1102 390 1103 390 1103 391 1102 391 1104 391 1103 392 1104 392 1105 392 1105 393 1104 393 1106 393 1105 393 1106 393 1107 393 1107 394 1106 394 1101 394 1107 394 1101 394 1100 394 1103 395 1105 395 1107 395 1103 396 1107 396 1100 396 1104 397 1102 397 1101 397 1104 398 1101 398 1106 398 1107 399 1106 399 1104 399 1107 399 1104 399 1105 399 1105 400 1104 400 1108 400 1105 401 1108 401 1109 401 1109 402 1108 402 1110 402 1109 403 1110 403 1111 403 1111 404 1110 404 1106 404 1111 404 1106 404 1107 404 1105 4 1109 4 1111 4 1105 4 1111 4 1107 4 1108 5 1104 5 1106 5 1108 5 1106 5 1110 5 1111 405 1110 405 1108 405 1111 406 1108 406 1109 406 1109 407 1108 407 1112 407 1109 408 1112 408 1113 408 1113 409 1112 409 1114 409 1113 409 1114 409 1115 409 1115 410 1114 410 1110 410 1115 411 1110 411 1111 411 1109 412 1113 412 1115 412 1109 413 1115 413 1111 413 1112 414 1108 414 1110 414 1112 415 1110 415 1114 415 1115 416 1114 416 1112 416 1115 416 1112 416 1113 416 1113 417 1112 417 1116 417 1113 418 1116 418 1117 418 1117 419 1116 419 1118 419 1117 419 1118 419 1119 419 1119 420 1118 420 1114 420 1119 421 1114 421 1115 421 1113 422 1117 422 1119 422 1113 423 1119 423 1115 423 1116 424 1112 424 1114 424 1116 425 1114 425 1118 425 1119 426 1118 426 1116 426 1119 426 1116 426 1117 426 1117 427 1116 427 1120 427 1117 427 1120 427 1121 427 1121 428 1120 428 1122 428 1121 428 1122 428 1123 428 1123 429 1122 429 1118 429 1123 429 1118 429 1119 429 1117 4 1121 4 1123 4 1117 4 1123 4 1119 4 1120 5 1116 5 1118 5 1120 5 1118 5 1122 5 1123 430 1122 430 1120 430 1123 430 1120 430 1121 430 1121 431 1120 431 1124 431 1121 432 1124 432 1125 432 1125 433 1124 433 1126 433 1125 434 1126 434 1127 434 1127 435 1126 435 1122 435 1127 436 1122 436 1123 436 1121 4 1125 4 1127 4 1121 4 1127 4 1123 4 1124 437 1120 437 1122 437 1124 438 1122 438 1126 438 1127 439 1126 439 1124 439 1127 440 1124 440 1125 440 1125 441 1124 441 1128 441 1125 442 1128 442 1129 442 1129 443 1128 443 1130 443 1129 443 1130 443 1131 443 1131 444 1130 444 1126 444 1131 445 1126 445 1127 445 1125 4 1129 4 1131 4 1125 4 1131 4 1127 4 1128 446 1124 446 1126 446 1128 447 1126 447 1130 447 1131 448 1130 448 1128 448 1131 448 1128 448 1129 448 1129 449 1128 449 1132 449 1129 450 1132 450 1133 450 1133 451 1132 451 1134 451 1133 451 1134 451 1135 451 1135 452 1134 452 1130 452 1135 453 1130 453 1131 453 1129 4 1133 4 1135 4 1129 4 1135 4 1131 4 1132 454 1128 454 1130 454 1132 455 1130 455 1134 455 1135 456 1134 456 1132 456 1135 456 1132 456 1133 456 1133 457 1132 457 1136 457 1133 457 1136 457 1137 457 1137 458 1136 458 1138 458 1137 459 1138 459 1139 459 1139 460 1138 460 1134 460 1139 461 1134 461 1135 461 1133 4 1137 4 1139 4 1133 4 1139 4 1135 4 1136 5 1132 5 1134 5 1136 462 1134 462 1138 462 1139 463 1138 463 1136 463 1139 464 1136 464 1137 464 1137 465 1136 465 1140 465 1137 465 1140 465 1141 465 1141 466 1140 466 1142 466 1141 466 1142 466 1143 466 1143 467 1142 467 1138 467 1143 468 1138 468 1139 468 1137 4 1141 4 1143 4 1137 4 1143 4 1139 4 1140 469 1136 469 1138 469 1140 470 1138 470 1142 470 1143 471 1142 471 1140 471 1143 471 1140 471 1141 471 1141 472 1140 472 1144 472 1141 472 1144 472 1145 472 1145 473 1144 473 1146 473 1145 473 1146 473 1147 473 1147 474 1146 474 1142 474 1147 474 1142 474 1143 474 1141 475 1145 475 1147 475 1141 476 1147 476 1143 476 1144 477 1140 477 1142 477 1144 478 1142 478 1146 478 1147 479 1146 479 1144 479 1147 479 1144 479 1145 479 1145 480 1144 480 1148 480 1145 480 1148 480 1149 480 1149 481 1148 481 1150 481 1149 481 1150 481 1151 481 1151 482 1150 482 1146 482 1151 482 1146 482 1147 482 1145 4 1149 4 1151 4 1145 4 1151 4 1147 4 1148 483 1144 483 1146 483 1148 484 1146 484 1150 484 1151 485 1150 485 1148 485 1151 485 1148 485 1149 485 1149 486 1148 486 1152 486 1149 486 1152 486 1153 486 1153 487 1152 487 1154 487 1153 487 1154 487 1155 487 1155 488 1154 488 1150 488 1155 488 1150 488 1151 488 1149 489 1153 489 1155 489 1149 490 1155 490 1151 490 1152 491 1148 491 1150 491 1152 492 1150 492 1154 492 1155 493 1154 493 1152 493 1155 493 1152 493 1153 493 1153 494 1152 494 1156 494 1153 495 1156 495 1157 495 1157 496 1156 496 1158 496 1157 497 1158 497 1159 497 1159 498 1158 498 1154 498 1159 499 1154 499 1155 499 1153 500 1157 500 1159 500 1153 4 1159 4 1155 4 1156 501 1152 501 1154 501 1156 502 1154 502 1158 502 1159 503 1158 503 1156 503 1159 504 1156 504 1157 504 1157 505 1156 505 1160 505 1157 506 1160 506 1161 506 1161 507 1160 507 1162 507 1161 507 1162 507 1163 507 1163 508 1162 508 1158 508 1163 509 1158 509 1159 509 1157 4 1161 4 1163 4 1157 510 1163 510 1159 510 1160 511 1156 511 1158 511 1160 512 1158 512 1162 512 1163 513 1162 513 1160 513 1163 513 1160 513 1161 513 1161 514 1160 514 1164 514 1161 515 1164 515 1165 515 1165 516 1164 516 1166 516 1165 516 1166 516 1167 516 1167 517 1166 517 1162 517 1167 517 1162 517 1163 517 1161 4 1165 4 1167 4 1161 4 1167 4 1163 4 1164 518 1160 518 1162 518 1164 519 1162 519 1166 519 1167 520 1166 520 1164 520 1167 520 1164 520 1165 520 1165 521 1164 521 1168 521 1165 521 1168 521 1169 521 1169 522 1168 522 1170 522 1169 522 1170 522 1171 522 1171 523 1170 523 1166 523 1171 523 1166 523 1167 523 1165 4 1169 4 1171 4 1165 4 1171 4 1167 4 1168 5 1164 5 1166 5 1168 5 1166 5 1170 5 1171 524 1170 524 1168 524 1171 524 1168 524 1169 524 1169 525 1168 525 1172 525 1169 526 1172 526 1173 526 1173 527 1172 527 1174 527 1173 528 1174 528 1175 528 1175 529 1174 529 1170 529 1175 530 1170 530 1171 530 1169 531 1173 531 1175 531 1169 532 1175 532 1171 532 1172 533 1168 533 1170 533 1172 534 1170 534 1174 534 1175 535 1174 535 1172 535 1175 536 1172 536 1173 536 1173 537 1172 537 1176 537 1173 537 1176 537 1177 537 1177 538 1176 538 1178 538 1177 538 1178 538 1179 538 1179 539 1178 539 1174 539 1179 540 1174 540 1175 540 1173 4 1177 4 1179 4 1173 4 1179 4 1175 4 1176 541 1172 541 1174 541 1176 542 1174 542 1178 542 1179 543 1178 543 1176 543 1179 543 1176 543 1177 543 1177 544 1176 544 1180 544 1177 545 1180 545 1181 545 1181 546 1180 546 1182 546 1181 547 1182 547 1183 547 1183 548 1182 548 1178 548 1183 549 1178 549 1179 549 1177 4 1181 4 1183 4 1177 4 1183 4 1179 4 1180 550 1176 550 1178 550 1180 551 1178 551 1182 551 1183 552 1182 552 1180 552 1183 553 1180 553 1181 553 1181 554 1180 554 1184 554 1181 554 1184 554 1185 554 1185 555 1184 555 1186 555 1185 556 1186 556 1187 556 1187 557 1186 557 1182 557 1187 558 1182 558 1183 558 1181 4 1185 4 1187 4 1181 4 1187 4 1183 4 1184 5 1180 5 1182 5 1184 5 1182 5 1186 5 1187 559 1186 559 1184 559 1187 560 1184 560 1185 560 1185 561 1184 561 1188 561 1185 561 1188 561 1189 561 1189 562 1188 562 1190 562 1189 562 1190 562 1191 562 1191 563 1190 563 1186 563 1191 564 1186 564 1187 564 1185 565 1189 565 1191 565 1185 566 1191 566 1187 566 1188 567 1184 567 1186 567 1188 568 1186 568 1190 568 1191 569 1190 569 1188 569 1191 569 1188 569 1189 569 1189 570 1188 570 1192 570 1189 570 1192 570 1193 570 1193 571 1192 571 1194 571 1193 571 1194 571 1195 571 1195 572 1194 572 1190 572 1195 572 1190 572 1191 572 1189 573 1193 573 1195 573 1189 574 1195 574 1191 574 1192 5 1188 5 1190 5 1192 5 1190 5 1194 5 1195 575 1194 575 1192 575 1195 575 1192 575 1193 575 1193 576 1192 576 1196 576 1193 577 1196 577 1197 577 1197 578 1196 578 1198 578 1197 578 1198 578 1199 578 1199 579 1198 579 1194 579 1199 580 1194 580 1195 580 1193 581 1197 581 1199 581 1193 582 1199 582 1195 582 1196 583 1192 583 1194 583 1196 584 1194 584 1198 584 1199 585 1198 585 1196 585 1199 585 1196 585 1197 585 1197 586 1196 586 1200 586 1197 587 1200 587 1201 587 1201 588 1200 588 1202 588 1201 588 1202 588 1203 588 1203 589 1202 589 1198 589 1203 590 1198 590 1199 590 1197 4 1201 4 1203 4 1197 4 1203 4 1199 4 1200 591 1196 591 1198 591 1200 592 1198 592 1202 592 1203 593 1202 593 1200 593 1203 593 1200 593 1201 593 1201 594 1200 594 1204 594 1201 594 1204 594 1205 594 1205 595 1204 595 1206 595 1205 595 1206 595 1207 595 1207 596 1206 596 1202 596 1207 597 1202 597 1203 597 1201 598 1205 598 1207 598 1201 599 1207 599 1203 599 1204 600 1200 600 1202 600 1204 601 1202 601 1206 601 1207 602 1206 602 1204 602 1207 602 1204 602 1205 602 1205 603 1204 603 1208 603 1205 603 1208 603 1209 603 1209 604 1208 604 1210 604 1209 605 1210 605 1211 605 1211 606 1210 606 1206 606 1211 607 1206 607 1207 607 1205 4 1209 4 1211 4 1205 4 1211 4 1207 4 1208 608 1204 608 1206 608 1208 609 1206 609 1210 609 1211 610 1210 610 1208 610 1211 611 1208 611 1209 611 1209 612 1208 612 1212 612 1209 612 1212 612 1213 612 1213 613 1212 613 1214 613 1213 613 1214 613 1215 613 1215 614 1214 614 1210 614 1215 615 1210 615 1211 615 1209 616 1213 616 1215 616 1209 617 1215 617 1211 617 1212 618 1208 618 1210 618 1212 619 1210 619 1214 619 1215 620 1214 620 1212 620 1215 620 1212 620 1213 620 1213 621 1212 621 1216 621 1213 621 1216 621 1217 621 1217 622 1216 622 1218 622 1217 623 1218 623 1219 623 1219 624 1218 624 1214 624 1219 625 1214 625 1215 625 1213 626 1217 626 1219 626 1213 627 1219 627 1215 627 1216 628 1212 628 1214 628 1216 629 1214 629 1218 629 1219 630 1218 630 1216 630 1219 631 1216 631 1217 631 1217 632 1216 632 1220 632 1217 633 1220 633 1221 633 1221 634 1220 634 1222 634 1221 635 1222 635 1223 635 1223 636 1222 636 1218 636 1223 637 1218 637 1219 637 1217 4 1221 4 1223 4 1217 4 1223 4 1219 4 1220 638 1216 638 1218 638 1220 639 1218 639 1222 639 1223 640 1222 640 1220 640 1223 641 1220 641 1221 641 1221 642 1220 642 1224 642 1221 643 1224 643 1225 643 1225 644 1224 644 1226 644 1225 644 1226 644 1227 644 1227 645 1226 645 1222 645 1227 646 1222 646 1223 646 1221 4 1225 4 1227 4 1221 4 1227 4 1223 4 1224 647 1220 647 1222 647 1224 648 1222 648 1226 648 1227 649 1226 649 1224 649 1227 649 1224 649 1225 649 1225 650 1224 650 1228 650 1225 650 1228 650 1229 650 1229 651 1228 651 1230 651 1229 652 1230 652 1231 652 1231 653 1230 653 1226 653 1231 654 1226 654 1227 654 1225 4 1229 4 1231 4 1225 4 1231 4 1227 4 1228 5 1224 5 1226 5 1228 5 1226 5 1230 5 1231 655 1230 655 1228 655 1231 656 1228 656 1229 656 1229 657 1228 657 1232 657 1229 658 1232 658 1233 658 1233 659 1232 659 1234 659 1233 660 1234 660 1235 660 1235 661 1234 661 1230 661 1235 662 1230 662 1231 662 1229 663 1233 663 1235 663 1229 4 1235 4 1231 4 1232 664 1228 664 1230 664 1232 665 1230 665 1234 665 1235 666 1234 666 1232 666 1235 667 1232 667 1233 667 1233 668 1232 668 1236 668 1233 669 1236 669 1237 669 1237 670 1236 670 1238 670 1237 671 1238 671 1239 671 1239 672 1238 672 1234 672 1239 673 1234 673 1235 673 1233 4 1237 4 1239 4 1233 674 1239 674 1235 674 1236 5 1232 5 1234 5 1236 675 1234 675 1238 675 1239 676 1238 676 1236 676 1239 677 1236 677 1237 677 1237 678 1236 678 1240 678 1237 679 1240 679 1241 679 1241 680 1240 680 1242 680 1241 680 1242 680 1243 680 1243 681 1242 681 1238 681 1243 682 1238 682 1239 682 1237 683 1241 683 1243 683 1237 684 1243 684 1239 684 1240 685 1236 685 1238 685 1240 686 1238 686 1242 686 1243 687 1242 687 1240 687 1243 687 1240 687 1241 687 1241 688 1240 688 1244 688 1241 689 1244 689 1245 689 1245 690 1244 690 1246 690 1245 690 1246 690 1247 690 1247 691 1246 691 1242 691 1247 692 1242 692 1243 692 1241 4 1245 4 1247 4 1241 4 1247 4 1243 4 1244 693 1240 693 1242 693 1244 694 1242 694 1246 694 1247 695 1246 695 1244 695 1247 695 1244 695 1245 695 1245 696 1244 696 1248 696 1245 696 1248 696 1249 696 1249 697 1248 697 1250 697 1249 697 1250 697 1251 697 1251 698 1250 698 1246 698 1251 698 1246 698 1247 698 1245 4 1249 4 1251 4 1245 4 1251 4 1247 4 1248 699 1244 699 1246 699 1248 700 1246 700 1250 700 1251 701 1250 701 1248 701 1251 701 1248 701 1249 701 1249 702 1248 702 1252 702 1249 702 1252 702 1253 702 1253 703 1252 703 1254 703 1253 703 1254 703 1255 703 1255 704 1254 704 1250 704 1255 704 1250 704 1251 704 1249 4 1253 4 1255 4 1249 4 1255 4 1251 4 1252 705 1248 705 1250 705 1252 706 1250 706 1254 706 1255 707 1254 707 1252 707 1255 707 1252 707 1253 707 1253 708 1252 708 1256 708 1253 708 1256 708 1257 708 1257 709 1256 709 1258 709 1257 710 1258 710 1259 710 1259 711 1258 711 1254 711 1259 712 1254 712 1255 712 1253 4 1257 4 1259 4 1253 4 1259 4 1255 4 1256 713 1252 713 1254 713 1256 714 1254 714 1258 714 1259 715 1258 715 1256 715 1259 716 1256 716 1257 716 1257 717 1256 717 1260 717 1257 718 1260 718 1261 718 1261 719 1260 719 1262 719 1261 719 1262 719 1263 719 1263 720 1262 720 1258 720 1263 721 1258 721 1259 721 1257 4 1261 4 1263 4 1257 4 1263 4 1259 4 1260 722 1256 722 1258 722 1260 5 1258 5 1262 5 1263 723 1262 723 1260 723 1263 723 1260 723 1261 723 1261 724 1260 724 1264 724 1261 725 1264 725 1265 725 1265 726 1264 726 1266 726 1265 727 1266 727 1267 727 1267 728 1266 728 1262 728 1267 729 1262 729 1263 729 1261 4 1265 4 1267 4 1261 4 1267 4 1263 4 1264 730 1260 730 1262 730 1264 731 1262 731 1266 731 1267 732 1266 732 1264 732 1267 733 1264 733 1265 733 1265 734 1264 734 1268 734 1265 735 1268 735 1269 735 1269 736 1268 736 1270 736 1269 736 1270 736 1271 736 1271 737 1270 737 1266 737 1271 737 1266 737 1267 737 1265 4 1269 4 1271 4 1265 4 1271 4 1267 4 1268 738 1264 738 1266 738 1268 739 1266 739 1270 739 1271 740 1270 740 1268 740 1271 740 1268 740 1269 740 1269 741 1268 741 1272 741 1269 742 1272 742 1273 742 1273 743 1272 743 1274 743 1273 744 1274 744 1275 744 1275 745 1274 745 1270 745 1275 745 1270 745 1271 745 1269 4 1273 4 1275 4 1269 4 1275 4 1271 4 1272 5 1268 5 1270 5 1272 5 1270 5 1274 5 1275 746 1274 746 1272 746 1275 747 1272 747 1273 747 1273 748 1272 748 1276 748 1273 749 1276 749 1277 749 1277 750 1276 750 1278 750 1277 750 1278 750 1279 750 1279 751 1278 751 1274 751 1279 751 1274 751 1275 751 1273 4 1277 4 1279 4 1273 4 1279 4 1275 4 1276 5 1272 5 1274 5 1276 5 1274 5 1278 5 1279 752 1278 752 1276 752 1279 752 1276 752 1277 752 1277 753 1276 753 1280 753 1277 754 1280 754 1281 754 1281 755 1280 755 1282 755 1281 756 1282 756 1283 756 1283 757 1282 757 1278 757 1283 758 1278 758 1279 758 1277 759 1281 759 1283 759 1277 760 1283 760 1279 760 1280 5 1276 5 1278 5 1280 5 1278 5 1282 5 1283 761 1282 761 1280 761 1283 762 1280 762 1281 762 1281 763 1280 763 1284 763 1281 764 1284 764 1285 764 1285 765 1284 765 1286 765 1285 765 1286 765 1287 765 1287 766 1286 766 1282 766 1287 767 1282 767 1283 767 1281 768 1285 768 1287 768 1281 769 1287 769 1283 769 1284 770 1280 770 1282 770 1284 771 1282 771 1286 771 1287 772 1286 772 1284 772 1287 772 1284 772 1285 772 1285 773 1284 773 1288 773 1285 774 1288 774 1289 774 1289 775 1288 775 1290 775 1289 775 1290 775 1291 775 1291 776 1290 776 1286 776 1291 777 1286 777 1287 777 1285 778 1289 778 1291 778 1285 779 1291 779 1287 779 1288 780 1284 780 1286 780 1288 781 1286 781 1290 781 1291 782 1290 782 1288 782 1291 782 1288 782 1289 782 1289 783 1288 783 1292 783 1289 783 1292 783 1293 783 1293 784 1292 784 1294 784 1293 784 1294 784 1295 784 1295 785 1294 785 1290 785 1295 785 1290 785 1291 785 1289 4 1293 4 1295 4 1289 4 1295 4 1291 4 1292 5 1288 5 1290 5 1292 5 1290 5 1294 5 1295 786 1294 786 1292 786 1295 786 1292 786 1293 786 1293 787 1292 787 1296 787 1293 788 1296 788 1297 788 1297 789 1296 789 1298 789 1297 789 1298 789 1299 789 1299 790 1298 790 1294 790 1299 790 1294 790 1295 790 1293 4 1297 4 1299 4 1293 4 1299 4 1295 4 1296 791 1292 791 1294 791 1296 792 1294 792 1298 792 1299 793 1298 793 1296 793 1299 793 1296 793 1297 793 1297 794 1296 794 1300 794 1297 795 1300 795 1301 795 1301 796 1300 796 1302 796 1301 797 1302 797 1303 797 1303 798 1302 798 1298 798 1303 798 1298 798 1299 798 1297 799 1301 799 1303 799 1297 800 1303 800 1299 800 1300 801 1296 801 1298 801 1300 5 1298 5 1302 5 1304 802 1305 802 1306 802 1304 803 1306 803 1307 803 1307 804 1306 804 1308 804 1307 805 1308 805 1309 805 1309 806 1308 806 1310 806 1309 806 1310 806 1311 806 1311 807 1310 807 1305 807 1311 807 1305 807 1304 807 1307 4 1309 4 1311 4 1307 4 1311 4 1304 4 1308 808 1306 808 1305 808 1308 809 1305 809 1310 809 1311 810 1310 810 1308 810 1311 810 1308 810 1309 810 1309 811 1308 811 1312 811 1309 811 1312 811 1313 811 1313 812 1312 812 1314 812 1313 812 1314 812 1315 812 1315 813 1314 813 1310 813 1315 813 1310 813 1311 813 1309 4 1313 4 1315 4 1309 4 1315 4 1311 4 1312 814 1308 814 1310 814 1312 815 1310 815 1314 815 1315 816 1314 816 1312 816 1315 816 1312 816 1313 816 1313 817 1312 817 1316 817 1313 817 1316 817 1317 817 1317 818 1316 818 1318 818 1317 819 1318 819 1319 819 1319 820 1318 820 1314 820 1319 821 1314 821 1315 821 1313 4 1317 4 1319 4 1313 4 1319 4 1315 4 1316 822 1312 822 1314 822 1316 5 1314 5 1318 5 1319 823 1318 823 1316 823 1319 824 1316 824 1317 824 1317 825 1316 825 1320 825 1317 826 1320 826 1321 826 1321 827 1320 827 1322 827 1321 828 1322 828 1323 828 1323 829 1322 829 1318 829 1323 830 1318 830 1319 830 1317 4 1321 4 1323 4 1317 4 1323 4 1319 4 1320 5 1316 5 1318 5 1320 5 1318 5 1322 5 1323 831 1322 831 1320 831 1323 832 1320 832 1321 832 1321 833 1320 833 1324 833 1321 834 1324 834 1325 834 1325 835 1324 835 1326 835 1325 835 1326 835 1327 835 1327 836 1326 836 1322 836 1327 836 1322 836 1323 836 1321 4 1325 4 1327 4 1321 4 1327 4 1323 4 1324 5 1320 5 1322 5 1324 5 1322 5 1326 5 1327 837 1326 837 1324 837 1327 837 1324 837 1325 837 1325 838 1324 838 1328 838 1325 839 1328 839 1329 839 1329 840 1328 840 1330 840 1329 840 1330 840 1331 840 1331 841 1330 841 1326 841 1331 842 1326 842 1327 842 1325 4 1329 4 1331 4 1325 4 1331 4 1327 4 1328 843 1324 843 1326 843 1328 844 1326 844 1330 844 1331 845 1330 845 1328 845 1331 845 1328 845 1329 845 1329 846 1328 846 1332 846 1329 846 1332 846 1333 846 1333 847 1332 847 1334 847 1333 847 1334 847 1335 847 1335 848 1334 848 1330 848 1335 848 1330 848 1331 848 1329 4 1333 4 1335 4 1329 4 1335 4 1331 4 1332 5 1328 5 1330 5 1332 5 1330 5 1334 5 1335 849 1334 849 1332 849 1335 849 1332 849 1333 849 1333 850 1332 850 1336 850 1333 851 1336 851 1337 851 1337 852 1336 852 1338 852 1337 852 1338 852 1339 852 1339 853 1338 853 1334 853 1339 854 1334 854 1335 854 1333 4 1337 4 1339 4 1333 4 1339 4 1335 4 1336 855 1332 855 1334 855 1336 856 1334 856 1338 856 1339 857 1338 857 1336 857 1339 857 1336 857 1337 857 1337 858 1336 858 1340 858 1337 858 1340 858 1341 858 1341 859 1340 859 1342 859 1341 860 1342 860 1343 860 1343 861 1342 861 1338 861 1343 862 1338 862 1339 862 1337 4 1341 4 1343 4 1337 4 1343 4 1339 4 1340 5 1336 5 1338 5 1340 5 1338 5 1342 5 1343 863 1342 863 1340 863 1343 864 1340 864 1341 864 1341 865 1340 865 1344 865 1341 865 1344 865 1345 865 1345 866 1344 866 1346 866 1345 866 1346 866 1347 866 1347 867 1346 867 1342 867 1347 868 1342 868 1343 868 1341 4 1345 4 1347 4 1341 4 1347 4 1343 4 1344 5 1340 5 1342 5 1344 5 1342 5 1346 5 1347 869 1346 869 1344 869 1347 869 1344 869 1345 869 1345 870 1344 870 1348 870 1345 871 1348 871 1349 871 1349 872 1348 872 1350 872 1349 873 1350 873 1351 873 1351 874 1350 874 1346 874 1351 874 1346 874 1347 874 1345 4 1349 4 1351 4 1345 4 1351 4 1347 4 1348 875 1344 875 1346 875 1348 876 1346 876 1350 876 1351 877 1350 877 1348 877 1351 878 1348 878 1349 878 1349 879 1348 879 1352 879 1349 880 1352 880 1353 880 1353 881 1352 881 1354 881 1353 881 1354 881 1355 881 1355 882 1354 882 1350 882 1355 882 1350 882 1351 882 1349 4 1353 4 1355 4 1349 4 1355 4 1351 4 1352 883 1348 883 1350 883 1352 884 1350 884 1354 884 1355 885 1354 885 1352 885 1355 885 1352 885 1353 885 1353 886 1352 886 1356 886 1353 887 1356 887 1357 887 1357 888 1356 888 1358 888 1357 888 1358 888 1359 888 1359 889 1358 889 1354 889 1359 890 1354 890 1355 890 1353 4 1357 4 1359 4 1353 4 1359 4 1355 4 1356 891 1352 891 1354 891 1356 892 1354 892 1358 892 1359 893 1358 893 1356 893 1359 893 1356 893 1357 893 1357 894 1356 894 1360 894 1357 895 1360 895 1361 895 1361 896 1360 896 1362 896 1361 896 1362 896 1363 896 1363 897 1362 897 1358 897 1363 898 1358 898 1359 898 1357 4 1361 4 1363 4 1357 4 1363 4 1359 4 1360 899 1356 899 1358 899 1360 900 1358 900 1362 900 1363 901 1362 901 1360 901 1363 901 1360 901 1361 901 1361 902 1360 902 1364 902 1361 902 1364 902 1365 902 1365 903 1364 903 1366 903 1365 903 1366 903 1367 903 1367 904 1366 904 1362 904 1367 905 1362 905 1363 905 1361 4 1365 4 1367 4 1361 4 1367 4 1363 4 1364 906 1360 906 1362 906 1364 907 1362 907 1366 907 1367 908 1366 908 1364 908 1367 908 1364 908 1365 908 1365 909 1364 909 1368 909 1365 909 1368 909 1369 909 1369 910 1368 910 1370 910 1369 910 1370 910 1371 910 1371 911 1370 911 1366 911 1371 911 1366 911 1367 911 1365 4 1369 4 1371 4 1365 4 1371 4 1367 4 1368 5 1364 5 1366 5 1368 912 1366 912 1370 912 1371 913 1370 913 1368 913 1371 913 1368 913 1369 913 1369 914 1368 914 1372 914 1369 914 1372 914 1373 914 1373 915 1372 915 1374 915 1373 915 1374 915 1375 915 1375 916 1374 916 1370 916 1375 917 1370 917 1371 917 1369 4 1373 4 1375 4 1369 4 1375 4 1371 4 1372 918 1368 918 1370 918 1372 919 1370 919 1374 919 1375 920 1374 920 1372 920 1375 920 1372 920 1373 920 1373 921 1372 921 1376 921 1373 921 1376 921 1377 921 1377 922 1376 922 1378 922 1377 922 1378 922 1379 922 1379 923 1378 923 1374 923 1379 923 1374 923 1375 923 1373 4 1377 4 1379 4 1373 4 1379 4 1375 4 1376 5 1372 5 1374 5 1376 5 1374 5 1378 5 1379 924 1378 924 1376 924 1379 924 1376 924 1377 924 1377 925 1376 925 1380 925 1377 925 1380 925 1381 925 1381 926 1380 926 1382 926 1381 926 1382 926 1383 926 1383 927 1382 927 1378 927 1383 927 1378 927 1379 927 1377 4 1381 4 1383 4 1377 4 1383 4 1379 4 1380 5 1376 5 1378 5 1380 5 1378 5 1382 5 1383 928 1382 928 1380 928 1383 928 1380 928 1381 928 1381 929 1380 929 1384 929 1381 929 1384 929 1385 929 1385 930 1384 930 1386 930 1385 930 1386 930 1387 930 1387 931 1386 931 1382 931 1387 931 1382 931 1383 931 1381 4 1385 4 1387 4 1381 4 1387 4 1383 4 1384 5 1380 5 1382 5 1384 5 1382 5 1386 5 1387 932 1386 932 1384 932 1387 932 1384 932 1385 932 1385 933 1384 933 1388 933 1385 933 1388 933 1389 933 1389 934 1388 934 1390 934 1389 934 1390 934 1391 934 1391 935 1390 935 1386 935 1391 936 1386 936 1387 936 1385 4 1389 4 1391 4 1385 4 1391 4 1387 4 1388 937 1384 937 1386 937 1388 938 1386 938 1390 938 1391 939 1390 939 1388 939 1391 939 1388 939 1389 939 1389 940 1388 940 1392 940 1389 940 1392 940 1393 940 1393 941 1392 941 1394 941 1393 941 1394 941 1395 941 1395 942 1394 942 1390 942 1395 942 1390 942 1391 942 1389 4 1393 4 1395 4 1389 4 1395 4 1391 4 1392 943 1388 943 1390 943 1392 944 1390 944 1394 944 1395 945 1394 945 1392 945 1395 945 1392 945 1393 945 1393 946 1392 946 1396 946 1393 946 1396 946 1397 946 1397 947 1396 947 1398 947 1397 947 1398 947 1399 947 1399 948 1398 948 1394 948 1399 948 1394 948 1395 948 1393 4 1397 4 1399 4 1393 4 1399 4 1395 4 1396 5 1392 5 1394 5 1396 5 1394 5 1398 5 1399 949 1398 949 1396 949 1399 949 1396 949 1397 949 1397 950 1396 950 1400 950 1397 950 1400 950 1401 950 1401 951 1400 951 1402 951 1401 951 1402 951 1403 951 1403 952 1402 952 1398 952 1403 953 1398 953 1399 953 1397 4 1401 4 1403 4 1397 4 1403 4 1399 4 1400 954 1396 954 1398 954 1400 955 1398 955 1402 955 1403 956 1402 956 1400 956 1403 956 1400 956 1401 956 1401 957 1400 957 1404 957 1401 958 1404 958 1405 958 1405 959 1404 959 1406 959 1405 959 1406 959 1407 959 1407 960 1406 960 1402 960 1407 961 1402 961 1403 961 1401 4 1405 4 1407 4 1401 4 1407 4 1403 4 1404 962 1400 962 1402 962 1404 963 1402 963 1406 963 1407 964 1406 964 1404 964 1407 964 1404 964 1405 964 1405 965 1404 965 1408 965 1405 965 1408 965 1409 965 1409 966 1408 966 1410 966 1409 967 1410 967 1411 967 1411 968 1410 968 1406 968 1411 969 1406 969 1407 969 1405 4 1409 4 1411 4 1405 4 1411 4 1407 4 1408 970 1404 970 1406 970 1408 971 1406 971 1410 971 1411 972 1410 972 1408 972 1411 973 1408 973 1409 973 1409 974 1408 974 1412 974 1409 975 1412 975 1413 975 1413 976 1412 976 1414 976 1413 976 1414 976 1415 976 1415 977 1414 977 1410 977 1415 978 1410 978 1411 978 1409 4 1413 4 1415 4 1409 4 1415 4 1411 4 1412 979 1408 979 1410 979 1412 980 1410 980 1414 980 1415 981 1414 981 1412 981 1415 981 1412 981 1413 981 1413 982 1412 982 1416 982 1413 982 1416 982 1417 982 1417 983 1416 983 1418 983 1417 983 1418 983 1419 983 1419 984 1418 984 1414 984 1419 984 1414 984 1415 984 1413 4 1417 4 1419 4 1413 4 1419 4 1415 4 1416 5 1412 5 1414 5 1416 5 1414 5 1418 5 1419 985 1418 985 1416 985 1419 985 1416 985 1417 985 1417 986 1416 986 1420 986 1417 986 1420 986 1421 986 1421 987 1420 987 1422 987 1421 987 1422 987 1423 987 1423 988 1422 988 1418 988 1423 988 1418 988 1419 988 1417 4 1421 4 1423 4 1417 4 1423 4 1419 4 1420 5 1416 5 1418 5 1420 5 1418 5 1422 5 1423 989 1422 989 1420 989 1423 989 1420 989 1421 989 1421 990 1420 990 1424 990 1421 990 1424 990 1425 990 1425 991 1424 991 1426 991 1425 992 1426 992 1427 992 1427 993 1426 993 1422 993 1427 994 1422 994 1423 994 1421 4 1425 4 1427 4 1421 4 1427 4 1423 4 1424 5 1420 5 1422 5 1424 995 1422 995 1426 995 1427 996 1426 996 1424 996 1427 997 1424 997 1425 997 1425 998 1424 998 1428 998 1425 998 1428 998 1429 998 1429 999 1428 999 1430 999 1429 1000 1430 1000 1431 1000 1431 1001 1430 1001 1426 1001 1431 1002 1426 1002 1427 1002 1425 4 1429 4 1431 4 1425 4 1431 4 1427 4 1428 1003 1424 1003 1426 1003 1428 1004 1426 1004 1430 1004 1431 1005 1430 1005 1428 1005 1431 1006 1428 1006 1429 1006 1429 1007 1428 1007 1432 1007 1429 1007 1432 1007 1433 1007 1433 1008 1432 1008 1434 1008 1433 1008 1434 1008 1435 1008 1435 1009 1434 1009 1430 1009 1435 1010 1430 1010 1431 1010 1429 4 1433 4 1435 4 1429 4 1435 4 1431 4 1432 5 1428 5 1430 5 1432 5 1430 5 1434 5 1435 1011 1434 1011 1432 1011 1435 1011 1432 1011 1433 1011 1433 1012 1432 1012 1436 1012 1433 1012 1436 1012 1437 1012 1437 1013 1436 1013 1438 1013 1437 1013 1438 1013 1439 1013 1439 1014 1438 1014 1434 1014 1439 1014 1434 1014 1435 1014 1433 4 1437 4 1439 4 1433 4 1439 4 1435 4 1436 5 1432 5 1434 5 1436 5 1434 5 1438 5 1439 1015 1438 1015 1436 1015 1439 1015 1436 1015 1437 1015 1437 1016 1436 1016 1440 1016 1437 1016 1440 1016 1441 1016 1441 1017 1440 1017 1442 1017 1441 1017 1442 1017 1443 1017 1443 1018 1442 1018 1438 1018 1443 1018 1438 1018 1439 1018 1437 4 1441 4 1443 4 1437 4 1443 4 1439 4 1440 5 1436 5 1438 5 1440 5 1438 5 1442 5 1443 1019 1442 1019 1440 1019 1443 1019 1440 1019 1441 1019 1441 1020 1440 1020 1444 1020 1441 1020 1444 1020 1445 1020 1445 1021 1444 1021 1446 1021 1445 1022 1446 1022 1447 1022 1447 1023 1446 1023 1442 1023 1447 1024 1442 1024 1443 1024 1441 4 1445 4 1447 4 1441 4 1447 4 1443 4 1444 5 1440 5 1442 5 1444 5 1442 5 1446 5 1447 1025 1446 1025 1444 1025 1447 1026 1444 1026 1445 1026 1445 1027 1444 1027 1448 1027 1445 1028 1448 1028 1449 1028 1449 1029 1448 1029 1450 1029 1449 1029 1450 1029 1451 1029 1451 1030 1450 1030 1446 1030 1451 1031 1446 1031 1447 1031 1445 4 1449 4 1451 4 1445 4 1451 4 1447 4 1448 1032 1444 1032 1446 1032 1448 1033 1446 1033 1450 1033 1451 1034 1450 1034 1448 1034 1451 1034 1448 1034 1449 1034 1449 1035 1448 1035 1452 1035 1449 1036 1452 1036 1453 1036 1453 1037 1452 1037 1454 1037 1453 1038 1454 1038 1455 1038 1455 1039 1454 1039 1450 1039 1455 1039 1450 1039 1451 1039 1449 4 1453 4 1455 4 1449 4 1455 4 1451 4 1452 5 1448 5 1450 5 1452 5 1450 5 1454 5 1455 1040 1454 1040 1452 1040 1455 1041 1452 1041 1453 1041 1453 1042 1452 1042 1456 1042 1453 1043 1456 1043 1457 1043 1457 1044 1456 1044 1458 1044 1457 1044 1458 1044 1459 1044 1459 1045 1458 1045 1454 1045 1459 1046 1454 1046 1455 1046 1453 4 1457 4 1459 4 1453 4 1459 4 1455 4 1456 1047 1452 1047 1454 1047 1456 1048 1454 1048 1458 1048 1459 1049 1458 1049 1456 1049 1459 1049 1456 1049 1457 1049 1457 1050 1456 1050 1460 1050 1457 1050 1460 1050 1461 1050 1461 1051 1460 1051 1462 1051 1461 1052 1462 1052 1463 1052 1463 1053 1462 1053 1458 1053 1463 1054 1458 1054 1459 1054 1457 4 1461 4 1463 4 1457 4 1463 4 1459 4 1460 5 1456 5 1458 5 1460 5 1458 5 1462 5 1463 1055 1462 1055 1460 1055 1463 1056 1460 1056 1461 1056 1461 1057 1460 1057 1464 1057 1461 1058 1464 1058 1465 1058 1465 1059 1464 1059 1466 1059 1465 1059 1466 1059 1467 1059 1467 1060 1466 1060 1462 1060 1467 1061 1462 1061 1463 1061 1461 4 1465 4 1467 4 1461 4 1467 4 1463 4 1464 1062 1460 1062 1462 1062 1464 1063 1462 1063 1466 1063 1467 1064 1466 1064 1464 1064 1467 1064 1464 1064 1465 1064 1465 1065 1464 1065 1468 1065 1465 1065 1468 1065 1469 1065 1469 1066 1468 1066 1470 1066 1469 1066 1470 1066 1471 1066 1471 1067 1470 1067 1466 1067 1471 1067 1466 1067 1467 1067 1465 4 1469 4 1471 4 1465 4 1471 4 1467 4 1468 5 1464 5 1466 5 1468 5 1466 5 1470 5 1471 1068 1470 1068 1468 1068 1471 1068 1468 1068 1469 1068 1469 1069 1468 1069 1472 1069 1469 1070 1472 1070 1473 1070 1473 1071 1472 1071 1474 1071 1473 1072 1474 1072 1475 1072 1475 1073 1474 1073 1470 1073 1475 1073 1470 1073 1471 1073 1469 4 1473 4 1475 4 1469 4 1475 4 1471 4 1472 1074 1468 1074 1470 1074 1472 1075 1470 1075 1474 1075 1475 1076 1474 1076 1472 1076 1475 1077 1472 1077 1473 1077 1473 1078 1472 1078 1476 1078 1473 1079 1476 1079 1477 1079 1477 1080 1476 1080 1478 1080 1477 1080 1478 1080 1479 1080 1479 1081 1478 1081 1474 1081 1479 1082 1474 1082 1475 1082 1473 4 1477 4 1479 4 1473 4 1479 4 1475 4 1476 1083 1472 1083 1474 1083 1476 1084 1474 1084 1478 1084 1479 1085 1478 1085 1476 1085 1479 1085 1476 1085 1477 1085 1477 1086 1476 1086 1480 1086 1477 1087 1480 1087 1481 1087 1481 1088 1480 1088 1482 1088 1481 1089 1482 1089 1483 1089 1483 1090 1482 1090 1478 1090 1483 1090 1478 1090 1479 1090 1477 4 1481 4 1483 4 1477 4 1483 4 1479 4 1480 1091 1476 1091 1478 1091 1480 1092 1478 1092 1482 1092 1483 1093 1482 1093 1480 1093 1483 1094 1480 1094 1481 1094 1481 1095 1480 1095 1484 1095 1481 1096 1484 1096 1485 1096 1485 1097 1484 1097 1486 1097 1485 1098 1486 1098 1487 1098 1487 1099 1486 1099 1482 1099 1487 1099 1482 1099 1483 1099 1481 4 1485 4 1487 4 1481 4 1487 4 1483 4 1484 1100 1480 1100 1482 1100 1484 5 1482 5 1486 5 1487 1101 1486 1101 1484 1101 1487 1102 1484 1102 1485 1102 1485 1103 1484 1103 1488 1103 1485 1104 1488 1104 1489 1104 1489 1105 1488 1105 1490 1105 1489 1105 1490 1105 1491 1105 1491 1106 1490 1106 1486 1106 1491 1107 1486 1107 1487 1107 1485 4 1489 4 1491 4 1485 4 1491 4 1487 4 1488 1108 1484 1108 1486 1108 1488 1109 1486 1109 1490 1109 1491 1110 1490 1110 1488 1110 1491 1110 1488 1110 1489 1110 1489 1111 1488 1111 1492 1111 1489 1111 1492 1111 1493 1111 1493 1112 1492 1112 1494 1112 1493 1112 1494 1112 1495 1112 1495 1113 1494 1113 1490 1113 1495 1113 1490 1113 1491 1113 1489 4 1493 4 1495 4 1489 4 1495 4 1491 4 1492 5 1488 5 1490 5 1492 5 1490 5 1494 5 1495 1114 1494 1114 1492 1114 1495 1114 1492 1114 1493 1114 1493 1115 1492 1115 1496 1115 1493 1116 1496 1116 1497 1116 1497 1117 1496 1117 1498 1117 1497 1118 1498 1118 1499 1118 1499 1119 1498 1119 1494 1119 1499 1119 1494 1119 1495 1119 1493 4 1497 4 1499 4 1493 4 1499 4 1495 4 1496 1120 1492 1120 1494 1120 1496 1121 1494 1121 1498 1121 1499 1122 1498 1122 1496 1122 1499 1123 1496 1123 1497 1123 1497 1124 1496 1124 1500 1124 1497 1124 1500 1124 1501 1124 1501 1125 1500 1125 1502 1125 1501 1125 1502 1125 1503 1125 1503 1126 1502 1126 1498 1126 1503 1126 1498 1126 1499 1126 1497 4 1501 4 1503 4 1497 4 1503 4 1499 4 1500 1127 1496 1127 1498 1127 1500 1128 1498 1128 1502 1128 1503 1129 1502 1129 1500 1129 1503 1129 1500 1129 1501 1129 1501 1130 1500 1130 1504 1130 1501 1131 1504 1131 1505 1131 1505 1132 1504 1132 1506 1132 1505 1133 1506 1133 1507 1133 1507 1134 1506 1134 1502 1134 1507 1134 1502 1134 1503 1134 1501 4 1505 4 1507 4 1501 4 1507 4 1503 4 1504 1135 1500 1135 1502 1135 1504 1136 1502 1136 1506 1136 1508 1137 1509 1137 1510 1137 1508 1137 1510 1137 1511 1137 1511 1138 1510 1138 1512 1138 1511 1138 1512 1138 1513 1138 1513 1139 1512 1139 1514 1139 1513 1139 1514 1139 1515 1139 1515 1140 1514 1140 1509 1140 1515 1140 1509 1140 1508 1140 1511 4 1513 4 1515 4 1511 4 1515 4 1508 4 1512 5 1510 5 1509 5 1512 5 1509 5 1514 5 1515 1141 1514 1141 1512 1141 1515 1141 1512 1141 1513 1141 1513 1142 1512 1142 1516 1142 1513 1142 1516 1142 1517 1142 1517 1143 1516 1143 1518 1143 1517 1143 1518 1143 1519 1143 1519 1144 1518 1144 1514 1144 1519 1144 1514 1144 1515 1144 1513 4 1517 4 1519 4 1513 4 1519 4 1515 4 1516 5 1512 5 1514 5 1516 5 1514 5 1518 5 1519 1145 1518 1145 1516 1145 1519 1145 1516 1145 1517 1145 1517 1146 1516 1146 1520 1146 1517 1147 1520 1147 1521 1147 1521 1148 1520 1148 1522 1148 1521 1148 1522 1148 1523 1148 1523 1149 1522 1149 1518 1149 1523 1149 1518 1149 1519 1149 1517 4 1521 4 1523 4 1517 4 1523 4 1519 4 1520 1150 1516 1150 1518 1150 1520 1151 1518 1151 1522 1151 1523 1152 1522 1152 1520 1152 1523 1152 1520 1152 1521 1152 1521 1153 1520 1153 1524 1153 1521 1153 1524 1153 1525 1153 1525 1154 1524 1154 1526 1154 1525 1155 1526 1155 1527 1155 1527 1156 1526 1156 1522 1156 1527 1157 1522 1157 1523 1157 1521 4 1525 4 1527 4 1521 4 1527 4 1523 4 1524 5 1520 5 1522 5 1524 1158 1522 1158 1526 1158 1527 1159 1526 1159 1524 1159 1527 1160 1524 1160 1525 1160 1525 1161 1524 1161 1528 1161 1525 1162 1528 1162 1529 1162 1529 1163 1528 1163 1530 1163 1529 1164 1530 1164 1531 1164 1531 1165 1530 1165 1526 1165 1531 1166 1526 1166 1527 1166 1525 4 1529 4 1531 4 1525 4 1531 4 1527 4 1528 1167 1524 1167 1526 1167 1528 1168 1526 1168 1530 1168 1531 1169 1530 1169 1528 1169 1531 1170 1528 1170 1529 1170 1529 1171 1528 1171 1532 1171 1529 1172 1532 1172 1533 1172 1533 1173 1532 1173 1534 1173 1533 1174 1534 1174 1535 1174 1535 1175 1534 1175 1530 1175 1535 1176 1530 1176 1531 1176 1529 4 1533 4 1535 4 1529 4 1535 4 1531 4 1532 5 1528 5 1530 5 1532 5 1530 5 1534 5 1535 1177 1534 1177 1532 1177 1535 1178 1532 1178 1533 1178 1533 1179 1532 1179 1536 1179 1533 1180 1536 1180 1537 1180 1537 1181 1536 1181 1538 1181 1537 1181 1538 1181 1539 1181 1539 1182 1538 1182 1534 1182 1539 1183 1534 1183 1535 1183 1533 4 1537 4 1539 4 1533 4 1539 4 1535 4 1536 1184 1532 1184 1534 1184 1536 1185 1534 1185 1538 1185 1539 1186 1538 1186 1536 1186 1539 1186 1536 1186 1537 1186 1537 1187 1536 1187 1540 1187 1537 1188 1540 1188 1541 1188 1541 1189 1540 1189 1542 1189 1541 1190 1542 1190 1543 1190 1543 1191 1542 1191 1538 1191 1543 1192 1538 1192 1539 1192 1537 4 1541 4 1543 4 1537 4 1543 4 1539 4 1540 1193 1536 1193 1538 1193 1540 1194 1538 1194 1542 1194 1543 1195 1542 1195 1540 1195 1543 1196 1540 1196 1541 1196 1541 1197 1540 1197 1544 1197 1541 1198 1544 1198 1545 1198 1545 1199 1544 1199 1546 1199 1545 1200 1546 1200 1547 1200 1547 1201 1546 1201 1542 1201 1547 1202 1542 1202 1543 1202 1541 4 1545 4 1547 4 1541 4 1547 4 1543 4 1544 1203 1540 1203 1542 1203 1544 1204 1542 1204 1546 1204 1547 1205 1546 1205 1544 1205 1547 1206 1544 1206 1545 1206 1545 1207 1544 1207 1548 1207 1545 1208 1548 1208 1549 1208 1549 1209 1548 1209 1550 1209 1549 1210 1550 1210 1551 1210 1551 1211 1550 1211 1546 1211 1551 1212 1546 1212 1547 1212 1545 4 1549 4 1551 4 1545 4 1551 4 1547 4 1548 1213 1544 1213 1546 1213 1548 1214 1546 1214 1550 1214 1551 1215 1550 1215 1548 1215 1551 1216 1548 1216 1549 1216 1549 1217 1548 1217 1552 1217 1549 1218 1552 1218 1553 1218 1553 1219 1552 1219 1554 1219 1553 1219 1554 1219 1555 1219 1555 1220 1554 1220 1550 1220 1555 1221 1550 1221 1551 1221 1549 4 1553 4 1555 4 1549 4 1555 4 1551 4 1552 5 1548 5 1550 5 1552 5 1550 5 1554 5 1555 1222 1554 1222 1552 1222 1555 1222 1552 1222 1553 1222 1553 1223 1552 1223 1556 1223 1553 1224 1556 1224 1557 1224 1557 1225 1556 1225 1558 1225 1557 1225 1558 1225 1559 1225 1559 1226 1558 1226 1554 1226 1559 1227 1554 1227 1555 1227 1553 4 1557 4 1559 4 1553 4 1559 4 1555 4 1556 1228 1552 1228 1554 1228 1556 1229 1554 1229 1558 1229 1559 1230 1558 1230 1556 1230 1559 1230 1556 1230 1557 1230 1557 1231 1556 1231 1560 1231 1557 1232 1560 1232 1561 1232 1561 1233 1560 1233 1562 1233 1561 1234 1562 1234 1563 1234 1563 1235 1562 1235 1558 1235 1563 1236 1558 1236 1559 1236 1557 4 1561 4 1563 4 1557 4 1563 4 1559 4 1560 1237 1556 1237 1558 1237 1560 1238 1558 1238 1562 1238 1563 1239 1562 1239 1560 1239 1563 1240 1560 1240 1561 1240 1561 1241 1560 1241 1564 1241 1561 1242 1564 1242 1565 1242 1565 1243 1564 1243 1566 1243 1565 1244 1566 1244 1567 1244 1567 1245 1566 1245 1562 1245 1567 1246 1562 1246 1563 1246 1561 4 1565 4 1567 4 1561 4 1567 4 1563 4 1564 1247 1560 1247 1562 1247 1564 1248 1562 1248 1566 1248 1567 1249 1566 1249 1564 1249 1567 1250 1564 1250 1565 1250 1565 1251 1564 1251 1568 1251 1565 1252 1568 1252 1569 1252 1569 1253 1568 1253 1570 1253 1569 1254 1570 1254 1571 1254 1571 1255 1570 1255 1566 1255 1571 1256 1566 1256 1567 1256 1565 4 1569 4 1571 4 1565 4 1571 4 1567 4 1568 5 1564 5 1566 5 1568 1257 1566 1257 1570 1257 1571 1258 1570 1258 1568 1258 1571 1259 1568 1259 1569 1259 1569 1260 1568 1260 1572 1260 1569 1261 1572 1261 1573 1261 1573 1262 1572 1262 1574 1262 1573 1262 1574 1262 1575 1262 1575 1263 1574 1263 1570 1263 1575 1264 1570 1264 1571 1264 1569 4 1573 4 1575 4 1569 4 1575 4 1571 4 1572 1265 1568 1265 1570 1265 1572 1266 1570 1266 1574 1266 1575 1267 1574 1267 1572 1267 1575 1267 1572 1267 1573 1267 1573 1268 1572 1268 1576 1268 1573 1269 1576 1269 1577 1269 1577 1270 1576 1270 1578 1270 1577 1271 1578 1271 1579 1271 1579 1272 1578 1272 1574 1272 1579 1273 1574 1273 1575 1273 1573 4 1577 4 1579 4 1573 4 1579 4 1575 4 1576 5 1572 5 1574 5 1576 1274 1574 1274 1578 1274 1579 1275 1578 1275 1576 1275 1579 1276 1576 1276 1577 1276 1577 1277 1576 1277 1580 1277 1577 1278 1580 1278 1581 1278 1581 1279 1580 1279 1582 1279 1581 1280 1582 1280 1583 1280 1583 1281 1582 1281 1578 1281 1583 1282 1578 1282 1579 1282 1577 4 1581 4 1583 4 1577 4 1583 4 1579 4 1580 1283 1576 1283 1578 1283 1580 1284 1578 1284 1582 1284 1583 1285 1582 1285 1580 1285 1583 1286 1580 1286 1581 1286 1581 1287 1580 1287 1584 1287 1581 1288 1584 1288 1585 1288 1585 1289 1584 1289 1586 1289 1585 1290 1586 1290 1587 1290 1587 1291 1586 1291 1582 1291 1587 1292 1582 1292 1583 1292 1581 4 1585 4 1587 4 1581 4 1587 4 1583 4 1584 1293 1580 1293 1582 1293 1584 1294 1582 1294 1586 1294 1587 1295 1586 1295 1584 1295 1587 1296 1584 1296 1585 1296 1585 1297 1584 1297 1588 1297 1585 1298 1588 1298 1589 1298 1589 1299 1588 1299 1590 1299 1589 1300 1590 1300 1591 1300 1591 1301 1590 1301 1586 1301 1591 1301 1586 1301 1587 1301 1585 4 1589 4 1591 4 1585 4 1591 4 1587 4 1588 5 1584 5 1586 5 1588 1302 1586 1302 1590 1302 1591 1303 1590 1303 1588 1303 1591 1304 1588 1304 1589 1304 1589 1305 1588 1305 1592 1305 1589 1305 1592 1305 1593 1305 1593 1306 1592 1306 1594 1306 1593 1306 1594 1306 1595 1306 1595 1307 1594 1307 1590 1307 1595 1308 1590 1308 1591 1308 1589 4 1593 4 1595 4 1589 4 1595 4 1591 4 1592 1309 1588 1309 1590 1309 1592 1310 1590 1310 1594 1310 1595 1311 1594 1311 1592 1311 1595 1311 1592 1311 1593 1311 1593 1312 1592 1312 1596 1312 1593 1313 1596 1313 1597 1313 1597 1314 1596 1314 1598 1314 1597 1315 1598 1315 1599 1315 1599 1316 1598 1316 1594 1316 1599 1316 1594 1316 1595 1316 1593 4 1597 4 1599 4 1593 4 1599 4 1595 4 1596 5 1592 5 1594 5 1596 1317 1594 1317 1598 1317 1599 1318 1598 1318 1596 1318 1599 1319 1596 1319 1597 1319 1597 1320 1596 1320 1600 1320 1597 1321 1600 1321 1601 1321 1601 1322 1600 1322 1602 1322 1601 1323 1602 1323 1603 1323 1603 1324 1602 1324 1598 1324 1603 1325 1598 1325 1599 1325 1597 4 1601 4 1603 4 1597 4 1603 4 1599 4 1600 1326 1596 1326 1598 1326 1600 1327 1598 1327 1602 1327 1603 1328 1602 1328 1600 1328 1603 1329 1600 1329 1601 1329 1601 1330 1600 1330 1604 1330 1601 1331 1604 1331 1605 1331 1605 1332 1604 1332 1606 1332 1605 1333 1606 1333 1607 1333 1607 1334 1606 1334 1602 1334 1607 1335 1602 1335 1603 1335 1601 4 1605 4 1607 4 1601 4 1607 4 1603 4 1604 1336 1600 1336 1602 1336 1604 1337 1602 1337 1606 1337 1607 1338 1606 1338 1604 1338 1607 1339 1604 1339 1605 1339 1605 1340 1604 1340 1608 1340 1605 1341 1608 1341 1609 1341 1609 1342 1608 1342 1610 1342 1609 1342 1610 1342 1611 1342 1611 1343 1610 1343 1606 1343 1611 1344 1606 1344 1607 1344 1605 4 1609 4 1611 4 1605 4 1611 4 1607 4 1608 1345 1604 1345 1606 1345 1608 1346 1606 1346 1610 1346 1611 1347 1610 1347 1608 1347 1611 1347 1608 1347 1609 1347 1609 1348 1608 1348 1612 1348 1609 1348 1612 1348 1613 1348 1613 1349 1612 1349 1614 1349 1613 1350 1614 1350 1615 1350 1615 1351 1614 1351 1610 1351 1615 1352 1610 1352 1611 1352 1609 4 1613 4 1615 4 1609 4 1615 4 1611 4 1612 5 1608 5 1610 5 1612 5 1610 5 1614 5 1615 1353 1614 1353 1612 1353 1615 1354 1612 1354 1613 1354 1613 1355 1612 1355 1616 1355 1613 1356 1616 1356 1617 1356 1617 1357 1616 1357 1618 1357 1617 1358 1618 1358 1619 1358 1619 1359 1618 1359 1614 1359 1619 1360 1614 1360 1615 1360 1613 4 1617 4 1619 4 1613 4 1619 4 1615 4 1616 1361 1612 1361 1614 1361 1616 1362 1614 1362 1618 1362 1619 1363 1618 1363 1616 1363 1619 1364 1616 1364 1617 1364 1617 1365 1616 1365 1620 1365 1617 1366 1620 1366 1621 1366 1621 1367 1620 1367 1622 1367 1621 1367 1622 1367 1623 1367 1623 1368 1622 1368 1618 1368 1623 1368 1618 1368 1619 1368 1617 4 1621 4 1623 4 1617 4 1623 4 1619 4 1620 5 1616 5 1618 5 1620 5 1618 5 1622 5 1623 1369 1622 1369 1620 1369 1623 1369 1620 1369 1621 1369 1621 1370 1620 1370 1624 1370 1621 1370 1624 1370 1625 1370 1625 1371 1624 1371 1626 1371 1625 1372 1626 1372 1627 1372 1627 1373 1626 1373 1622 1373 1627 1374 1622 1374 1623 1374 1621 4 1625 4 1627 4 1621 4 1627 4 1623 4 1624 5 1620 5 1622 5 1624 5 1622 5 1626 5 1627 1375 1626 1375 1624 1375 1627 1376 1624 1376 1625 1376 1625 1377 1624 1377 1628 1377 1625 1377 1628 1377 1629 1377 1629 1378 1628 1378 1630 1378 1629 1378 1630 1378 1631 1378 1631 1379 1630 1379 1626 1379 1631 1380 1626 1380 1627 1380 1625 4 1629 4 1631 4 1625 4 1631 4 1627 4 1628 1381 1624 1381 1626 1381 1628 1382 1626 1382 1630 1382 1631 1383 1630 1383 1628 1383 1631 1383 1628 1383 1629 1383 1629 1384 1628 1384 1632 1384 1629 1384 1632 1384 1633 1384 1633 1385 1632 1385 1634 1385 1633 1385 1634 1385 1635 1385 1635 1386 1634 1386 1630 1386 1635 1386 1630 1386 1631 1386 1629 4 1633 4 1635 4 1629 4 1635 4 1631 4 1632 5 1628 5 1630 5 1632 5 1630 5 1634 5 1635 1387 1634 1387 1632 1387 1635 1387 1632 1387 1633 1387 1633 1388 1632 1388 1636 1388 1633 1388 1636 1388 1637 1388 1637 1389 1636 1389 1638 1389 1637 1389 1638 1389 1639 1389 1639 1390 1638 1390 1634 1390 1639 1391 1634 1391 1635 1391 1633 4 1637 4 1639 4 1633 4 1639 4 1635 4 1636 1392 1632 1392 1634 1392 1636 1393 1634 1393 1638 1393 1639 1394 1638 1394 1636 1394 1639 1394 1636 1394 1637 1394 1637 1395 1636 1395 1640 1395 1637 1396 1640 1396 1641 1396 1641 1397 1640 1397 1642 1397 1641 1398 1642 1398 1643 1398 1643 1399 1642 1399 1638 1399 1643 1400 1638 1400 1639 1400 1637 4 1641 4 1643 4 1637 4 1643 4 1639 4 1640 1401 1636 1401 1638 1401 1640 1402 1638 1402 1642 1402 1643 1403 1642 1403 1640 1403 1643 1404 1640 1404 1641 1404 1641 1405 1640 1405 1644 1405 1641 1406 1644 1406 1645 1406 1645 1407 1644 1407 1646 1407 1645 1408 1646 1408 1647 1408 1647 1409 1646 1409 1642 1409 1647 1410 1642 1410 1643 1410 1641 4 1645 4 1647 4 1641 4 1647 4 1643 4 1644 1411 1640 1411 1642 1411 1644 1412 1642 1412 1646 1412 1647 1413 1646 1413 1644 1413 1647 1414 1644 1414 1645 1414 1645 1415 1644 1415 1648 1415 1645 1415 1648 1415 1649 1415 1649 1416 1648 1416 1650 1416 1649 1417 1650 1417 1651 1417 1651 1418 1650 1418 1646 1418 1651 1419 1646 1419 1647 1419 1645 4 1649 4 1651 4 1645 4 1651 4 1647 4 1648 1420 1644 1420 1646 1420 1648 1421 1646 1421 1650 1421 1651 1422 1650 1422 1648 1422 1651 1423 1648 1423 1649 1423 1649 1424 1648 1424 1652 1424 1649 1425 1652 1425 1653 1425 1653 1426 1652 1426 1654 1426 1653 1426 1654 1426 1655 1426 1655 1427 1654 1427 1650 1427 1655 1428 1650 1428 1651 1428 1649 4 1653 4 1655 4 1649 4 1655 4 1651 4 1652 1429 1648 1429 1650 1429 1652 1430 1650 1430 1654 1430 1655 1431 1654 1431 1652 1431 1655 1431 1652 1431 1653 1431 1653 1432 1652 1432 1656 1432 1653 1433 1656 1433 1657 1433 1657 1434 1656 1434 1658 1434 1657 1434 1658 1434 1659 1434 1659 1435 1658 1435 1654 1435 1659 1436 1654 1436 1655 1436 1653 4 1657 4 1659 4 1653 4 1659 4 1655 4 1656 1437 1652 1437 1654 1437 1656 1438 1654 1438 1658 1438 1659 1439 1658 1439 1656 1439 1659 1439 1656 1439 1657 1439 1657 1440 1656 1440 1660 1440 1657 1440 1660 1440 1661 1440 1661 1441 1660 1441 1662 1441 1661 1441 1662 1441 1663 1441 1663 1442 1662 1442 1658 1442 1663 1442 1658 1442 1659 1442 1657 4 1661 4 1663 4 1657 4 1663 4 1659 4 1660 5 1656 5 1658 5 1660 5 1658 5 1662 5 1663 1443 1662 1443 1660 1443 1663 1443 1660 1443 1661 1443 1661 1444 1660 1444 1664 1444 1661 1445 1664 1445 1665 1445 1665 1446 1664 1446 1666 1446 1665 1447 1666 1447 1667 1447 1667 1448 1666 1448 1662 1448 1667 1449 1662 1449 1663 1449 1661 4 1665 4 1667 4 1661 4 1667 4 1663 4 1664 1450 1660 1450 1662 1450 1664 1451 1662 1451 1666 1451 1667 1452 1666 1452 1664 1452 1667 1453 1664 1453 1665 1453 1665 1454 1664 1454 1668 1454 1665 1455 1668 1455 1669 1455 1669 1456 1668 1456 1670 1456 1669 1457 1670 1457 1671 1457 1671 1458 1670 1458 1666 1458 1671 1459 1666 1459 1667 1459 1665 4 1669 4 1671 4 1665 4 1671 4 1667 4 1668 1460 1664 1460 1666 1460 1668 1461 1666 1461 1670 1461 1671 1462 1670 1462 1668 1462 1671 1463 1668 1463 1669 1463 1669 1464 1668 1464 1672 1464 1669 1465 1672 1465 1673 1465 1673 1466 1672 1466 1674 1466 1673 1467 1674 1467 1675 1467 1675 1468 1674 1468 1670 1468 1675 1469 1670 1469 1671 1469 1669 4 1673 4 1675 4 1669 4 1675 4 1671 4 1672 1470 1668 1470 1670 1470 1672 1471 1670 1471 1674 1471 1675 1472 1674 1472 1672 1472 1675 1473 1672 1473 1673 1473 1673 1474 1672 1474 1676 1474 1673 1475 1676 1475 1677 1475 1677 1476 1676 1476 1678 1476 1677 1476 1678 1476 1679 1476 1679 1477 1678 1477 1674 1477 1679 1477 1674 1477 1675 1477 1673 4 1677 4 1679 4 1673 4 1679 4 1675 4 1676 1478 1672 1478 1674 1478 1676 1479 1674 1479 1678 1479 1679 1480 1678 1480 1676 1480 1679 1480 1676 1480 1677 1480 1677 1481 1676 1481 1680 1481 1677 1482 1680 1482 1681 1482 1681 1483 1680 1483 1682 1483 1681 1483 1682 1483 1683 1483 1683 1484 1682 1484 1678 1484 1683 1485 1678 1485 1679 1485 1677 4 1681 4 1683 4 1677 4 1683 4 1679 4 1680 1486 1676 1486 1678 1486 1680 1487 1678 1487 1682 1487 1683 1488 1682 1488 1680 1488 1683 1488 1680 1488 1681 1488 1681 1489 1680 1489 1684 1489 1681 1490 1684 1490 1685 1490 1685 1491 1684 1491 1686 1491 1685 1491 1686 1491 1687 1491 1687 1492 1686 1492 1682 1492 1687 1493 1682 1493 1683 1493 1681 4 1685 4 1687 4 1681 4 1687 4 1683 4 1684 5 1680 5 1682 5 1684 5 1682 5 1686 5 1687 1494 1686 1494 1684 1494 1687 1494 1684 1494 1685 1494 1685 1495 1684 1495 1688 1495 1685 1496 1688 1496 1689 1496 1689 1497 1688 1497 1690 1497 1689 1497 1690 1497 1691 1497 1691 1498 1690 1498 1686 1498 1691 1498 1686 1498 1687 1498 1685 4 1689 4 1691 4 1685 4 1691 4 1687 4 1688 1499 1684 1499 1686 1499 1688 1500 1686 1500 1690 1500 1691 1501 1690 1501 1688 1501 1691 1501 1688 1501 1689 1501 1689 1502 1688 1502 1692 1502 1689 1503 1692 1503 1693 1503 1693 1504 1692 1504 1694 1504 1693 1505 1694 1505 1695 1505 1695 1506 1694 1506 1690 1506 1695 1506 1690 1506 1691 1506 1689 4 1693 4 1695 4 1689 4 1695 4 1691 4 1692 1507 1688 1507 1690 1507 1692 1508 1690 1508 1694 1508 1695 1509 1694 1509 1692 1509 1695 1510 1692 1510 1693 1510 1693 1511 1692 1511 1696 1511 1693 1512 1696 1512 1697 1512 1697 1513 1696 1513 1698 1513 1697 1513 1698 1513 1699 1513 1699 1514 1698 1514 1694 1514 1699 1514 1694 1514 1695 1514 1693 4 1697 4 1699 4 1693 4 1699 4 1695 4 1696 1515 1692 1515 1694 1515 1696 5 1694 5 1698 5 1699 1516 1698 1516 1696 1516 1699 1516 1696 1516 1697 1516 1697 1517 1696 1517 1700 1517 1697 1517 1700 1517 1701 1517 1701 1518 1700 1518 1702 1518 1701 1518 1702 1518 1703 1518 1703 1519 1702 1519 1698 1519 1703 1519 1698 1519 1699 1519 1697 4 1701 4 1703 4 1697 4 1703 4 1699 4 1700 5 1696 5 1698 5 1700 1520 1698 1520 1702 1520 1703 1521 1702 1521 1700 1521 1703 1521 1700 1521 1701 1521 1701 1522 1700 1522 1704 1522 1701 1523 1704 1523 1705 1523 1705 1524 1704 1524 1706 1524 1705 1525 1706 1525 1707 1525 1707 1526 1706 1526 1702 1526 1707 1527 1702 1527 1703 1527 1701 4 1705 4 1707 4 1701 4 1707 4 1703 4 1704 1528 1700 1528 1702 1528 1704 1529 1702 1529 1706 1529 1707 1530 1706 1530 1704 1530 1707 1531 1704 1531 1705 1531 1705 1532 1704 1532 1708 1532 1705 1533 1708 1533 1709 1533 1709 1534 1708 1534 1710 1534 1709 1535 1710 1535 1711 1535 1711 1536 1710 1536 1706 1536 1711 1536 1706 1536 1707 1536 1705 4 1709 4 1711 4 1705 4 1711 4 1707 4 1708 1537 1704 1537 1706 1537 1708 5 1706 5 1710 5 1712 1538 1713 1538 1714 1538 1712 1538 1714 1538 1715 1538 1715 1539 1714 1539 1716 1539 1715 1539 1716 1539 1717 1539 1717 1540 1716 1540 1718 1540 1717 1540 1718 1540 1719 1540 1719 1541 1718 1541 1713 1541 1719 1541 1713 1541 1712 1541 1715 4 1717 4 1719 4 1715 4 1719 4 1712 4 1716 5 1714 5 1713 5 1716 5 1713 5 1718 5 1719 1542 1718 1542 1716 1542 1719 1542 1716 1542 1717 1542 1717 1543 1716 1543 1720 1543 1717 1543 1720 1543 1721 1543 1721 1544 1720 1544 1722 1544 1721 1544 1722 1544 1723 1544 1723 1545 1722 1545 1718 1545 1723 1545 1718 1545 1719 1545 1717 4 1721 4 1723 4 1717 4 1723 4 1719 4 1720 5 1716 5 1718 5 1720 5 1718 5 1722 5 1723 1546 1722 1546 1720 1546 1723 1546 1720 1546 1721 1546 1721 1547 1720 1547 1724 1547 1721 1547 1724 1547 1725 1547 1725 1548 1724 1548 1726 1548 1725 1549 1726 1549 1727 1549 1727 1550 1726 1550 1722 1550 1727 1551 1722 1551 1723 1551 1721 4 1725 4 1727 4 1721 4 1727 4 1723 4 1724 1552 1720 1552 1722 1552 1724 1553 1722 1553 1726 1553 1727 1554 1726 1554 1724 1554 1727 1555 1724 1555 1725 1555 1725 1556 1724 1556 1728 1556 1725 1557 1728 1557 1729 1557 1729 1558 1728 1558 1730 1558 1729 1558 1730 1558 1731 1558 1731 1559 1730 1559 1726 1559 1731 1560 1726 1560 1727 1560 1725 4 1729 4 1731 4 1725 4 1731 4 1727 4 1728 1561 1724 1561 1726 1561 1728 1562 1726 1562 1730 1562 1731 1563 1730 1563 1728 1563 1731 1563 1728 1563 1729 1563 1729 1564 1728 1564 1732 1564 1729 1564 1732 1564 1733 1564 1733 1565 1732 1565 1734 1565 1733 1565 1734 1565 1735 1565 1735 1566 1734 1566 1730 1566 1735 1566 1730 1566 1731 1566 1729 4 1733 4 1735 4 1729 4 1735 4 1731 4 1732 5 1728 5 1730 5 1732 5 1730 5 1734 5 1735 1567 1734 1567 1732 1567 1735 1567 1732 1567 1733 1567 1733 1568 1732 1568 1736 1568 1733 1568 1736 1568 1737 1568 1737 1569 1736 1569 1738 1569 1737 1569 1738 1569 1739 1569 1739 1570 1738 1570 1734 1570 1739 1570 1734 1570 1735 1570 1733 4 1737 4 1739 4 1733 4 1739 4 1735 4 1736 5 1732 5 1734 5 1736 5 1734 5 1738 5 1739 1571 1738 1571 1736 1571 1739 1571 1736 1571 1737 1571 1737 1572 1736 1572 1740 1572 1737 1572 1740 1572 1741 1572 1741 1573 1740 1573 1742 1573 1741 1574 1742 1574 1743 1574 1743 1575 1742 1575 1738 1575 1743 1576 1738 1576 1739 1576 1737 4 1741 4 1743 4 1737 4 1743 4 1739 4 1740 5 1736 5 1738 5 1740 5 1738 5 1742 5 1743 1577 1742 1577 1740 1577 1743 1578 1740 1578 1741 1578 1741 1579 1740 1579 1744 1579 1741 1579 1744 1579 1745 1579 1745 1580 1744 1580 1746 1580 1745 1580 1746 1580 1747 1580 1747 1581 1746 1581 1742 1581 1747 1582 1742 1582 1743 1582 1741 4 1745 4 1747 4 1741 4 1747 4 1743 4 1744 1583 1740 1583 1742 1583 1744 1584 1742 1584 1746 1584 1747 1585 1746 1585 1744 1585 1747 1585 1744 1585 1745 1585 1745 1586 1744 1586 1748 1586 1745 1586 1748 1586 1749 1586 1749 1587 1748 1587 1750 1587 1749 1587 1750 1587 1751 1587 1751 1588 1750 1588 1746 1588 1751 1588 1746 1588 1747 1588 1745 4 1749 4 1751 4 1745 4 1751 4 1747 4 1748 5 1744 5 1746 5 1748 5 1746 5 1750 5 1751 1589 1750 1589 1748 1589 1751 1589 1748 1589 1749 1589 1749 1590 1748 1590 1752 1590 1749 1590 1752 1590 1753 1590 1753 1591 1752 1591 1754 1591 1753 1591 1754 1591 1755 1591 1755 1592 1754 1592 1750 1592 1755 1592 1750 1592 1751 1592 1749 4 1753 4 1755 4 1749 4 1755 4 1751 4 1752 5 1748 5 1750 5 1752 5 1750 5 1754 5 1755 1593 1754 1593 1752 1593 1755 1593 1752 1593 1753 1593 1753 1594 1752 1594 1756 1594 1753 1595 1756 1595 1757 1595 1757 1596 1756 1596 1758 1596 1757 1596 1758 1596 1759 1596 1759 1597 1758 1597 1754 1597 1759 1597 1754 1597 1755 1597 1753 4 1757 4 1759 4 1753 4 1759 4 1755 4 1756 1598 1752 1598 1754 1598 1756 1599 1754 1599 1758 1599 1759 1600 1758 1600 1756 1600 1759 1600 1756 1600 1757 1600 1757 1601 1756 1601 1760 1601 1757 1602 1760 1602 1761 1602 1761 1603 1760 1603 1762 1603 1761 1604 1762 1604 1763 1604 1763 1605 1762 1605 1758 1605 1763 1606 1758 1606 1759 1606 1757 4 1761 4 1763 4 1757 4 1763 4 1759 4 1760 1607 1756 1607 1758 1607 1760 1608 1758 1608 1762 1608 1763 1609 1762 1609 1760 1609 1763 1610 1760 1610 1761 1610 1761 1611 1760 1611 1764 1611 1761 1611 1764 1611 1765 1611 1765 1612 1764 1612 1766 1612 1765 1612 1766 1612 1767 1612 1767 1613 1766 1613 1762 1613 1767 1614 1762 1614 1763 1614 1761 4 1765 4 1767 4 1761 4 1767 4 1763 4 1764 1615 1760 1615 1762 1615 1764 1616 1762 1616 1766 1616 1767 1617 1766 1617 1764 1617 1767 1617 1764 1617 1765 1617 1765 1618 1764 1618 1768 1618 1765 1619 1768 1619 1769 1619 1769 1620 1768 1620 1770 1620 1769 1621 1770 1621 1771 1621 1771 1622 1770 1622 1766 1622 1771 1622 1766 1622 1767 1622 1765 4 1769 4 1771 4 1765 4 1771 4 1767 4 1768 1623 1764 1623 1766 1623 1768 1624 1766 1624 1770 1624 1771 1625 1770 1625 1768 1625 1771 1626 1768 1626 1769 1626 1769 1627 1768 1627 1772 1627 1769 1627 1772 1627 1773 1627 1773 1628 1772 1628 1774 1628 1773 1628 1774 1628 1775 1628 1775 1629 1774 1629 1770 1629 1775 1630 1770 1630 1771 1630 1769 4 1773 4 1775 4 1769 4 1775 4 1771 4 1772 1631 1768 1631 1770 1631 1772 1632 1770 1632 1774 1632 1775 1633 1774 1633 1772 1633 1775 1633 1772 1633 1773 1633 1773 1634 1772 1634 1776 1634 1773 1634 1776 1634 1777 1634 1777 1635 1776 1635 1778 1635 1777 1636 1778 1636 1779 1636 1779 1637 1778 1637 1774 1637 1779 1637 1774 1637 1775 1637 1773 4 1777 4 1779 4 1773 4 1779 4 1775 4 1776 1638 1772 1638 1774 1638 1776 1639 1774 1639 1778 1639 1779 1640 1778 1640 1776 1640 1779 1641 1776 1641 1777 1641 1777 1642 1776 1642 1780 1642 1777 1643 1780 1643 1781 1643 1781 1644 1780 1644 1782 1644 1781 1644 1782 1644 1783 1644 1783 1645 1782 1645 1778 1645 1783 1645 1778 1645 1779 1645 1777 4 1781 4 1783 4 1777 4 1783 4 1779 4 1780 1646 1776 1646 1778 1646 1780 1647 1778 1647 1782 1647 1783 1648 1782 1648 1780 1648 1783 1648 1780 1648 1781 1648 1781 1649 1780 1649 1784 1649 1781 1650 1784 1650 1785 1650 1785 1651 1784 1651 1786 1651 1785 1652 1786 1652 1787 1652 1787 1653 1786 1653 1782 1653 1787 1654 1782 1654 1783 1654 1781 4 1785 4 1787 4 1781 4 1787 4 1783 4 1784 1655 1780 1655 1782 1655 1784 1656 1782 1656 1786 1656 1787 1657 1786 1657 1784 1657 1787 1658 1784 1658 1785 1658 1785 1659 1784 1659 1788 1659 1785 1660 1788 1660 1789 1660 1789 1661 1788 1661 1790 1661 1789 1661 1790 1661 1791 1661 1791 1662 1790 1662 1786 1662 1791 1663 1786 1663 1787 1663 1785 4 1789 4 1791 4 1785 4 1791 4 1787 4 1788 1664 1784 1664 1786 1664 1788 1665 1786 1665 1790 1665 1791 1666 1790 1666 1788 1666 1791 1666 1788 1666 1789 1666 1789 1667 1788 1667 1792 1667 1789 1667 1792 1667 1793 1667 1793 1668 1792 1668 1794 1668 1793 1668 1794 1668 1795 1668 1795 1669 1794 1669 1790 1669 1795 1669 1790 1669 1791 1669 1789 4 1793 4 1795 4 1789 4 1795 4 1791 4 1792 1670 1788 1670 1790 1670 1792 1671 1790 1671 1794 1671 1795 1672 1794 1672 1792 1672 1795 1672 1792 1672 1793 1672 1793 1673 1792 1673 1796 1673 1793 1674 1796 1674 1797 1674 1797 1675 1796 1675 1798 1675 1797 1676 1798 1676 1799 1676 1799 1677 1798 1677 1794 1677 1799 1678 1794 1678 1795 1678 1793 4 1797 4 1799 4 1793 4 1799 4 1795 4 1796 1679 1792 1679 1794 1679 1796 1680 1794 1680 1798 1680 1799 1681 1798 1681 1796 1681 1799 1682 1796 1682 1797 1682 1797 1683 1796 1683 1800 1683 1797 1684 1800 1684 1801 1684 1801 1685 1800 1685 1802 1685 1801 1685 1802 1685 1803 1685 1803 1686 1802 1686 1798 1686 1803 1687 1798 1687 1799 1687 1797 4 1801 4 1803 4 1797 4 1803 4 1799 4 1800 1688 1796 1688 1798 1688 1800 1689 1798 1689 1802 1689 1803 1690 1802 1690 1800 1690 1803 1690 1800 1690 1801 1690 1801 1691 1800 1691 1804 1691 1801 1692 1804 1692 1805 1692 1805 1693 1804 1693 1806 1693 1805 1694 1806 1694 1807 1694 1807 1695 1806 1695 1802 1695 1807 1695 1802 1695 1803 1695 1801 4 1805 4 1807 4 1801 4 1807 4 1803 4 1804 1696 1800 1696 1802 1696 1804 1697 1802 1697 1806 1697 1807 1698 1806 1698 1804 1698 1807 1699 1804 1699 1805 1699 1805 1700 1804 1700 1808 1700 1805 1700 1808 1700 1809 1700 1809 1701 1808 1701 1810 1701 1809 1702 1810 1702 1811 1702 1811 1703 1810 1703 1806 1703 1811 1704 1806 1704 1807 1704 1805 4 1809 4 1811 4 1805 4 1811 4 1807 4 1808 1705 1804 1705 1806 1705 1808 1706 1806 1706 1810 1706 1811 1707 1810 1707 1808 1707 1811 1708 1808 1708 1809 1708 1809 1709 1808 1709 1812 1709 1809 1710 1812 1710 1813 1710 1813 1711 1812 1711 1814 1711 1813 1712 1814 1712 1815 1712 1815 1713 1814 1713 1810 1713 1815 1714 1810 1714 1811 1714 1809 4 1813 4 1815 4 1809 4 1815 4 1811 4 1812 1715 1808 1715 1810 1715 1812 5 1810 5 1814 5 1815 1716 1814 1716 1812 1716 1815 1717 1812 1717 1813 1717 1813 1718 1812 1718 1816 1718 1813 1719 1816 1719 1817 1719 1817 1720 1816 1720 1818 1720 1817 1721 1818 1721 1819 1721 1819 1722 1818 1722 1814 1722 1819 1722 1814 1722 1815 1722 1813 4 1817 4 1819 4 1813 4 1819 4 1815 4 1816 1723 1812 1723 1814 1723 1816 1724 1814 1724 1818 1724 1819 1725 1818 1725 1816 1725 1819 1726 1816 1726 1817 1726 1817 1727 1816 1727 1820 1727 1817 1728 1820 1728 1821 1728 1821 1729 1820 1729 1822 1729 1821 1730 1822 1730 1823 1730 1823 1731 1822 1731 1818 1731 1823 1732 1818 1732 1819 1732 1817 4 1821 4 1823 4 1817 4 1823 4 1819 4 1820 1733 1816 1733 1818 1733 1820 1734 1818 1734 1822 1734 1823 1735 1822 1735 1820 1735 1823 1736 1820 1736 1821 1736 1821 1737 1820 1737 1824 1737 1821 1738 1824 1738 1825 1738 1825 1739 1824 1739 1826 1739 1825 1740 1826 1740 1827 1740 1827 1741 1826 1741 1822 1741 1827 1741 1822 1741 1823 1741 1821 4 1825 4 1827 4 1821 4 1827 4 1823 4 1824 1742 1820 1742 1822 1742 1824 1743 1822 1743 1826 1743 1827 1744 1826 1744 1824 1744 1827 1745 1824 1745 1825 1745 1825 1746 1824 1746 1828 1746 1825 1747 1828 1747 1829 1747 1829 1748 1828 1748 1830 1748 1829 1748 1830 1748 1831 1748 1831 1749 1830 1749 1826 1749 1831 1750 1826 1750 1827 1750 1825 4 1829 4 1831 4 1825 4 1831 4 1827 4 1828 1751 1824 1751 1826 1751 1828 1752 1826 1752 1830 1752 1831 1753 1830 1753 1828 1753 1831 1753 1828 1753 1829 1753 1829 1754 1828 1754 1832 1754 1829 1755 1832 1755 1833 1755 1833 1756 1832 1756 1834 1756 1833 1756 1834 1756 1835 1756 1835 1757 1834 1757 1830 1757 1835 1758 1830 1758 1831 1758 1829 4 1833 4 1835 4 1829 4 1835 4 1831 4 1832 1759 1828 1759 1830 1759 1832 1760 1830 1760 1834 1760 1835 1761 1834 1761 1832 1761 1835 1761 1832 1761 1833 1761 1833 1762 1832 1762 1836 1762 1833 1762 1836 1762 1837 1762 1837 1763 1836 1763 1838 1763 1837 1763 1838 1763 1839 1763 1839 1764 1838 1764 1834 1764 1839 1764 1834 1764 1835 1764 1833 4 1837 4 1839 4 1833 4 1839 4 1835 4 1836 5 1832 5 1834 5 1836 5 1834 5 1838 5 1839 1765 1838 1765 1836 1765 1839 1765 1836 1765 1837 1765 1837 1766 1836 1766 1840 1766 1837 1767 1840 1767 1841 1767 1841 1768 1840 1768 1842 1768 1841 1768 1842 1768 1843 1768 1843 1769 1842 1769 1838 1769 1843 1769 1838 1769 1839 1769 1837 4 1841 4 1843 4 1837 4 1843 4 1839 4 1840 1770 1836 1770 1838 1770 1840 1771 1838 1771 1842 1771 1843 1772 1842 1772 1840 1772 1843 1772 1840 1772 1841 1772 1841 1773 1840 1773 1844 1773 1841 1774 1844 1774 1845 1774 1845 1775 1844 1775 1846 1775 1845 1776 1846 1776 1847 1776 1847 1777 1846 1777 1842 1777 1847 1778 1842 1778 1843 1778 1841 4 1845 4 1847 4 1841 4 1847 4 1843 4 1844 1779 1840 1779 1842 1779 1844 1780 1842 1780 1846 1780 1847 1781 1846 1781 1844 1781 1847 1782 1844 1782 1845 1782 1845 1783 1844 1783 1848 1783 1845 1783 1848 1783 1849 1783 1849 1784 1848 1784 1850 1784 1849 1784 1850 1784 1851 1784 1851 1785 1850 1785 1846 1785 1851 1786 1846 1786 1847 1786 1845 4 1849 4 1851 4 1845 4 1851 4 1847 4 1848 1787 1844 1787 1846 1787 1848 1788 1846 1788 1850 1788 1851 1789 1850 1789 1848 1789 1851 1789 1848 1789 1849 1789 1849 1790 1848 1790 1852 1790 1849 1790 1852 1790 1853 1790 1853 1791 1852 1791 1854 1791 1853 1791 1854 1791 1855 1791 1855 1792 1854 1792 1850 1792 1855 1792 1850 1792 1851 1792 1849 4 1853 4 1855 4 1849 4 1855 4 1851 4 1852 5 1848 5 1850 5 1852 5 1850 5 1854 5 1855 1793 1854 1793 1852 1793 1855 1793 1852 1793 1853 1793 1853 1794 1852 1794 1856 1794 1853 1795 1856 1795 1857 1795 1857 1796 1856 1796 1858 1796 1857 1796 1858 1796 1859 1796 1859 1797 1858 1797 1854 1797 1859 1797 1854 1797 1855 1797 1853 4 1857 4 1859 4 1853 4 1859 4 1855 4 1856 1798 1852 1798 1854 1798 1856 1799 1854 1799 1858 1799 1859 1800 1858 1800 1856 1800 1859 1800 1856 1800 1857 1800 1857 1801 1856 1801 1860 1801 1857 1801 1860 1801 1861 1801 1861 1802 1860 1802 1862 1802 1861 1802 1862 1802 1863 1802 1863 1803 1862 1803 1858 1803 1863 1803 1858 1803 1859 1803 1857 4 1861 4 1863 4 1857 4 1863 4 1859 4 1860 5 1856 5 1858 5 1860 5 1858 5 1862 5 1863 1804 1862 1804 1860 1804 1863 1804 1860 1804 1861 1804 1861 1805 1860 1805 1864 1805 1861 1806 1864 1806 1865 1806 1865 1807 1864 1807 1866 1807 1865 1807 1866 1807 1867 1807 1867 1808 1866 1808 1862 1808 1867 1808 1862 1808 1863 1808 1861 4 1865 4 1867 4 1861 4 1867 4 1863 4 1864 1809 1860 1809 1862 1809 1864 1810 1862 1810 1866 1810 1867 1811 1866 1811 1864 1811 1867 1811 1864 1811 1865 1811 1865 1812 1864 1812 1868 1812 1865 1813 1868 1813 1869 1813 1869 1814 1868 1814 1870 1814 1869 1814 1870 1814 1871 1814 1871 1815 1870 1815 1866 1815 1871 1816 1866 1816 1867 1816 1865 4 1869 4 1871 4 1865 4 1871 4 1867 4 1868 1817 1864 1817 1866 1817 1868 1818 1866 1818 1870 1818 1871 1819 1870 1819 1868 1819 1871 1819 1868 1819 1869 1819 1869 1820 1868 1820 1872 1820 1869 1821 1872 1821 1873 1821 1873 1822 1872 1822 1874 1822 1873 1822 1874 1822 1875 1822 1875 1823 1874 1823 1870 1823 1875 1824 1870 1824 1871 1824 1869 4 1873 4 1875 4 1869 4 1875 4 1871 4 1872 1825 1868 1825 1870 1825 1872 1826 1870 1826 1874 1826 1875 1827 1874 1827 1872 1827 1875 1827 1872 1827 1873 1827 1873 1828 1872 1828 1876 1828 1873 1828 1876 1828 1877 1828 1877 1829 1876 1829 1878 1829 1877 1829 1878 1829 1879 1829 1879 1830 1878 1830 1874 1830 1879 1830 1874 1830 1875 1830 1873 4 1877 4 1879 4 1873 4 1879 4 1875 4 1876 1831 1872 1831 1874 1831 1876 5 1874 5 1878 5 1879 1832 1878 1832 1876 1832 1879 1832 1876 1832 1877 1832 1877 1833 1876 1833 1880 1833 1877 1833 1880 1833 1881 1833 1881 1834 1880 1834 1882 1834 1881 1834 1882 1834 1883 1834 1883 1835 1882 1835 1878 1835 1883 1835 1878 1835 1879 1835 1877 4 1881 4 1883 4 1877 4 1883 4 1879 4 1880 1836 1876 1836 1878 1836 1880 1837 1878 1837 1882 1837 1883 1838 1882 1838 1880 1838 1883 1838 1880 1838 1881 1838 1881 1839 1880 1839 1884 1839 1881 1839 1884 1839 1885 1839 1885 1840 1884 1840 1886 1840 1885 1840 1886 1840 1887 1840 1887 1841 1886 1841 1882 1841 1887 1842 1882 1842 1883 1842 1881 4 1885 4 1887 4 1881 4 1887 4 1883 4 1884 1843 1880 1843 1882 1843 1884 1844 1882 1844 1886 1844 1887 1845 1886 1845 1884 1845 1887 1845 1884 1845 1885 1845 1885 1846 1884 1846 1888 1846 1885 1847 1888 1847 1889 1847 1889 1848 1888 1848 1890 1848 1889 1848 1890 1848 1891 1848 1891 1849 1890 1849 1886 1849 1891 1850 1886 1850 1887 1850 1885 4 1889 4 1891 4 1885 4 1891 4 1887 4 1888 1851 1884 1851 1886 1851 1888 1852 1886 1852 1890 1852 1891 1853 1890 1853 1888 1853 1891 1853 1888 1853 1889 1853 1889 1854 1888 1854 1892 1854 1889 1855 1892 1855 1893 1855 1893 1856 1892 1856 1894 1856 1893 1857 1894 1857 1895 1857 1895 1858 1894 1858 1890 1858 1895 1858 1890 1858 1891 1858 1889 4 1893 4 1895 4 1889 4 1895 4 1891 4 1892 1859 1888 1859 1890 1859 1892 1860 1890 1860 1894 1860 1895 1861 1894 1861 1892 1861 1895 1862 1892 1862 1893 1862 1893 1863 1892 1863 1896 1863 1893 1864 1896 1864 1897 1864 1897 1865 1896 1865 1898 1865 1897 1865 1898 1865 1899 1865 1899 1866 1898 1866 1894 1866 1899 1866 1894 1866 1895 1866 1893 4 1897 4 1899 4 1893 4 1899 4 1895 4 1896 5 1892 5 1894 5 1896 5 1894 5 1898 5 1899 1867 1898 1867 1896 1867 1899 1867 1896 1867 1897 1867 1897 1868 1896 1868 1900 1868 1897 1868 1900 1868 1901 1868 1901 1869 1900 1869 1902 1869 1901 1869 1902 1869 1903 1869 1903 1870 1902 1870 1898 1870 1903 1870 1898 1870 1899 1870 1897 4 1901 4 1903 4 1897 4 1903 4 1899 4 1900 5 1896 5 1898 5 1900 5 1898 5 1902 5 1903 1871 1902 1871 1900 1871 1903 1871 1900 1871 1901 1871 1901 1872 1900 1872 1904 1872 1901 1872 1904 1872 1905 1872 1905 1873 1904 1873 1906 1873 1905 1873 1906 1873 1907 1873 1907 1874 1906 1874 1902 1874 1907 1874 1902 1874 1903 1874 1901 4 1905 4 1907 4 1901 4 1907 4 1903 4 1904 1875 1900 1875 1902 1875 1904 1876 1902 1876 1906 1876 1907 1877 1906 1877 1904 1877 1907 1877 1904 1877 1905 1877 1905 1878 1904 1878 1908 1878 1905 1879 1908 1879 1909 1879 1909 1880 1908 1880 1910 1880 1909 1881 1910 1881 1911 1881 1911 1882 1910 1882 1906 1882 1911 1883 1906 1883 1907 1883 1905 4 1909 4 1911 4 1905 4 1911 4 1907 4 1908 1884 1904 1884 1906 1884 1908 1885 1906 1885 1910 1885 1911 1886 1910 1886 1908 1886 1911 1887 1908 1887 1909 1887 1909 1888 1908 1888 1912 1888 1909 1888 1912 1888 1913 1888 1913 1889 1912 1889 1914 1889 1913 1890 1914 1890 1915 1890 1915 1891 1914 1891 1910 1891 1915 1892 1910 1892 1911 1892 1909 4 1913 4 1915 4 1909 4 1915 4 1911 4 1912 1893 1908 1893 1910 1893 1912 1894 1910 1894 1914 1894 1916 1895 1917 1895 1918 1895 1916 1895 1918 1895 1919 1895 1919 1896 1918 1896 1920 1896 1919 1896 1920 1896 1921 1896 1921 1897 1920 1897 1922 1897 1921 1897 1922 1897 1923 1897 1923 1898 1922 1898 1917 1898 1923 1898 1917 1898 1916 1898 1919 4 1921 4 1923 4 1919 4 1923 4 1916 4 1920 5 1918 5 1917 5 1920 5 1917 5 1922 5 1923 1895 1922 1895 1920 1895 1923 1895 1920 1895 1921 1895 1921 1899 1920 1899 1924 1899 1921 1899 1924 1899 1925 1899 1925 1900 1924 1900 1926 1900 1925 1900 1926 1900 1927 1900 1927 1898 1926 1898 1922 1898 1927 1898 1922 1898 1923 1898 1921 4 1925 4 1927 4 1921 4 1927 4 1923 4 1924 5 1920 5 1922 5 1924 5 1922 5 1926 5 1927 1901 1926 1901 1924 1901 1927 1901 1924 1901 1925 1901 1925 1902 1924 1902 1928 1902 1925 1903 1928 1903 1929 1903 1929 1904 1928 1904 1930 1904 1929 1904 1930 1904 1931 1904 1931 1905 1930 1905 1926 1905 1931 1906 1926 1906 1927 1906 1925 4 1929 4 1931 4 1925 4 1931 4 1927 4 1928 1907 1924 1907 1926 1907 1928 1908 1926 1908 1930 1908 1931 1909 1930 1909 1928 1909 1931 1909 1928 1909 1929 1909 1929 1910 1928 1910 1932 1910 1929 1910 1932 1910 1933 1910 1933 1911 1932 1911 1934 1911 1933 1911 1934 1911 1935 1911 1935 1912 1934 1912 1930 1912 1935 1913 1930 1913 1931 1913 1929 4 1933 4 1935 4 1929 4 1935 4 1931 4 1932 1914 1928 1914 1930 1914 1932 1915 1930 1915 1934 1915 1935 1916 1934 1916 1932 1916 1935 1916 1932 1916 1933 1916 1933 1917 1932 1917 1936 1917 1933 1917 1936 1917 1937 1917 1937 1918 1936 1918 1938 1918 1937 1918 1938 1918 1939 1918 1939 1919 1938 1919 1934 1919 1939 1919 1934 1919 1935 1919 1933 4 1937 4 1939 4 1933 4 1939 4 1935 4 1936 5 1932 5 1934 5 1936 5 1934 5 1938 5 1939 1920 1938 1920 1936 1920 1939 1920 1936 1920 1937 1920 1937 1921 1936 1921 1940 1921 1937 1921 1940 1921 1941 1921 1941 1922 1940 1922 1942 1922 1941 1922 1942 1922 1943 1922 1943 1923 1942 1923 1938 1923 1943 1923 1938 1923 1939 1923 1937 4 1941 4 1943 4 1937 4 1943 4 1939 4 1940 5 1936 5 1938 5 1940 5 1938 5 1942 5 1943 1924 1942 1924 1940 1924 1943 1924 1940 1924 1941 1924 1941 1925 1940 1925 1944 1925 1941 1925 1944 1925 1945 1925 1945 1926 1944 1926 1946 1926 1945 1926 1946 1926 1947 1926 1947 1927 1946 1927 1942 1927 1947 1927 1942 1927 1943 1927 1941 4 1945 4 1947 4 1941 4 1947 4 1943 4 1944 5 1940 5 1942 5 1944 5 1942 5 1946 5 1947 1928 1946 1928 1944 1928 1947 1928 1944 1928 1945 1928 1945 1929 1944 1929 1948 1929 1945 1929 1948 1929 1949 1929 1949 1930 1948 1930 1950 1930 1949 1930 1950 1930 1951 1930 1951 1931 1950 1931 1946 1931 1951 1931 1946 1931 1947 1931 1945 4 1949 4 1951 4 1945 4 1951 4 1947 4 1948 5 1944 5 1946 5 1948 5 1946 5 1950 5 1951 1932 1950 1932 1948 1932 1951 1932 1948 1932 1949 1932 1949 1933 1948 1933 1952 1933 1949 1933 1952 1933 1953 1933 1953 1934 1952 1934 1954 1934 1953 1935 1954 1935 1955 1935 1955 1936 1954 1936 1950 1936 1955 1936 1950 1936 1951 1936 1949 4 1953 4 1955 4 1949 4 1955 4 1951 4 1952 5 1948 5 1950 5 1952 1937 1950 1937 1954 1937 1955 1938 1954 1938 1952 1938 1955 1939 1952 1939 1953 1939 1953 1940 1952 1940 1956 1940 1953 1940 1956 1940 1957 1940 1957 1941 1956 1941 1958 1941 1957 1942 1958 1942 1959 1942 1959 1943 1958 1943 1954 1943 1959 1944 1954 1944 1955 1944 1953 4 1957 4 1959 4 1953 4 1959 4 1955 4 1956 1945 1952 1945 1954 1945 1956 1946 1954 1946 1958 1946 1959 1947 1958 1947 1956 1947 1959 1948 1956 1948 1957 1948 1957 1949 1956 1949 1960 1949 1957 1949 1960 1949 1961 1949 1961 1950 1960 1950 1962 1950 1961 1950 1962 1950 1963 1950 1963 1951 1962 1951 1958 1951 1963 1952 1958 1952 1959 1952 1957 4 1961 4 1963 4 1957 4 1963 4 1959 4 1960 5 1956 5 1958 5 1960 5 1958 5 1962 5 1963 1953 1962 1953 1960 1953 1963 1953 1960 1953 1961 1953 1961 1954 1960 1954 1964 1954 1961 1954 1964 1954 1965 1954 1965 1955 1964 1955 1966 1955 1965 1955 1966 1955 1967 1955 1967 1956 1966 1956 1962 1956 1967 1956 1962 1956 1963 1956 1961 4 1965 4 1967 4 1961 4 1967 4 1963 4 1964 5 1960 5 1962 5 1964 5 1962 5 1966 5 1967 1957 1966 1957 1964 1957 1967 1957 1964 1957 1965 1957 1965 1958 1964 1958 1968 1958 1965 1958 1968 1958 1969 1958 1969 1959 1968 1959 1970 1959 1969 1959 1970 1959 1971 1959 1971 1960 1970 1960 1966 1960 1971 1960 1966 1960 1967 1960 1965 4 1969 4 1971 4 1965 4 1971 4 1967 4 1968 5 1964 5 1966 5 1968 5 1966 5 1970 5 1971 1961 1970 1961 1968 1961 1971 1961 1968 1961 1969 1961 1969 1962 1968 1962 1972 1962 1969 1962 1972 1962 1973 1962 1973 1963 1972 1963 1974 1963 1973 1963 1974 1963 1975 1963 1975 1964 1974 1964 1970 1964 1975 1964 1970 1964 1971 1964 1969 4 1973 4 1975 4 1969 4 1975 4 1971 4 1972 5 1968 5 1970 5 1972 5 1970 5 1974 5 1975 1965 1974 1965 1972 1965 1975 1965 1972 1965 1973 1965 1973 1966 1972 1966 1976 1966 1973 1967 1976 1967 1977 1967 1977 1968 1976 1968 1978 1968 1977 1968 1978 1968 1979 1968 1979 1969 1978 1969 1974 1969 1979 1970 1974 1970 1975 1970 1973 4 1977 4 1979 4 1973 4 1979 4 1975 4 1976 1971 1972 1971 1974 1971 1976 1972 1974 1972 1978 1972 1979 1973 1978 1973 1976 1973 1979 1973 1976 1973 1977 1973 1977 1974 1976 1974 1980 1974 1977 1975 1980 1975 1981 1975 1981 1976 1980 1976 1982 1976 1981 1976 1982 1976 1983 1976 1983 1977 1982 1977 1978 1977 1983 1978 1978 1978 1979 1978 1977 4 1981 4 1983 4 1977 4 1983 4 1979 4 1980 1979 1976 1979 1978 1979 1980 1980 1978 1980 1982 1980 1983 1981 1982 1981 1980 1981 1983 1981 1980 1981 1981 1981 1981 1982 1980 1982 1984 1982 1981 1982 1984 1982 1985 1982 1985 1983 1984 1983 1986 1983 1985 1983 1986 1983 1987 1983 1987 1984 1986 1984 1982 1984 1987 1984 1982 1984 1983 1984 1981 4 1985 4 1987 4 1981 4 1987 4 1983 4 1984 5 1980 5 1982 5 1984 5 1982 5 1986 5 1987 1985 1986 1985 1984 1985 1987 1985 1984 1985 1985 1985 1985 1986 1984 1986 1988 1986 1985 1986 1988 1986 1989 1986 1989 1987 1988 1987 1990 1987 1989 1987 1990 1987 1991 1987 1991 1988 1990 1988 1986 1988 1991 1988 1986 1988 1987 1988 1985 4 1989 4 1991 4 1985 4 1991 4 1987 4 1988 5 1984 5 1986 5 1988 5 1986 5 1990 5 1991 1989 1990 1989 1988 1989 1991 1989 1988 1989 1989 1989 1989 1990 1988 1990 1992 1990 1989 1991 1992 1991 1993 1991 1993 1992 1992 1992 1994 1992 1993 1993 1994 1993 1995 1993 1995 1994 1994 1994 1990 1994 1995 1995 1990 1995 1991 1995 1989 4 1993 4 1995 4 1989 4 1995 4 1991 4 1992 1996 1988 1996 1990 1996 1992 1997 1990 1997 1994 1997 1995 1998 1994 1998 1992 1998 1995 1999 1992 1999 1993 1999 1993 2000 1992 2000 1996 2000 1993 2001 1996 2001 1997 2001 1997 2002 1996 2002 1998 2002 1997 2002 1998 2002 1999 2002 1999 2003 1998 2003 1994 2003 1999 2003 1994 2003 1995 2003 1993 4 1997 4 1999 4 1993 4 1999 4 1995 4 1996 2004 1992 2004 1994 2004 1996 2005 1994 2005 1998 2005 1999 2006 1998 2006 1996 2006 1999 2006 1996 2006 1997 2006 1997 2007 1996 2007 2000 2007 1997 2007 2000 2007 2001 2007 2001 2008 2000 2008 2002 2008 2001 2008 2002 2008 2003 2008 2003 2009 2002 2009 1998 2009 2003 2009 1998 2009 1999 2009 1997 4 2001 4 2003 4 1997 4 2003 4 1999 4 2000 2010 1996 2010 1998 2010 2000 2011 1998 2011 2002 2011 2003 2012 2002 2012 2000 2012 2003 2012 2000 2012 2001 2012 2001 2013 2000 2013 2004 2013 2001 2013 2004 2013 2005 2013 2005 2014 2004 2014 2006 2014 2005 2014 2006 2014 2007 2014 2007 2015 2006 2015 2002 2015 2007 2015 2002 2015 2003 2015 2001 4 2005 4 2007 4 2001 4 2007 4 2003 4 2004 5 2000 5 2002 5 2004 5 2002 5 2006 5 2007 2016 2006 2016 2004 2016 2007 2016 2004 2016 2005 2016 2005 2017 2004 2017 2008 2017 2005 2017 2008 2017 2009 2017 2009 2018 2008 2018 2010 2018 2009 2018 2010 2018 2011 2018 2011 2019 2010 2019 2006 2019 2011 2019 2006 2019 2007 2019 2005 4 2009 4 2011 4 2005 4 2011 4 2007 4 2008 5 2004 5 2006 5 2008 5 2006 5 2010 5 2011 2020 2010 2020 2008 2020 2011 2020 2008 2020 2009 2020 2009 2021 2008 2021 2012 2021 2009 2021 2012 2021 2013 2021 2013 2022 2012 2022 2014 2022 2013 2022 2014 2022 2015 2022 2015 2023 2014 2023 2010 2023 2015 2023 2010 2023 2011 2023 2009 4 2013 4 2015 4 2009 4 2015 4 2011 4 2012 5 2008 5 2010 5 2012 5 2010 5 2014 5 2015 2024 2014 2024 2012 2024 2015 2024 2012 2024 2013 2024 2013 2025 2012 2025 2016 2025 2013 2026 2016 2026 2017 2026 2017 2027 2016 2027 2018 2027 2017 2028 2018 2028 2019 2028 2019 2029 2018 2029 2014 2029 2019 2029 2014 2029 2015 2029 2013 4 2017 4 2019 4 2013 4 2019 4 2015 4 2016 5 2012 5 2014 5 2016 5 2014 5 2018 5 2019 2030 2018 2030 2016 2030 2019 2031 2016 2031 2017 2031 2017 2032 2016 2032 2020 2032 2017 2033 2020 2033 2021 2033 2021 2034 2020 2034 2022 2034 2021 2034 2022 2034 2023 2034 2023 2035 2022 2035 2018 2035 2023 2035 2018 2035 2019 2035 2017 4 2021 4 2023 4 2017 4 2023 4 2019 4 2020 5 2016 5 2018 5 2020 5 2018 5 2022 5 2023 2036 2022 2036 2020 2036 2023 2036 2020 2036 2021 2036 2021 2037 2020 2037 2024 2037 2021 2037 2024 2037 2025 2037 2025 2038 2024 2038 2026 2038 2025 2038 2026 2038 2027 2038 2027 2039 2026 2039 2022 2039 2027 2039 2022 2039 2023 2039 2021 4 2025 4 2027 4 2021 4 2027 4 2023 4 2024 5 2020 5 2022 5 2024 5 2022 5 2026 5 2027 2040 2026 2040 2024 2040 2027 2040 2024 2040 2025 2040 2025 2041 2024 2041 2028 2041 2025 2042 2028 2042 2029 2042 2029 2043 2028 2043 2030 2043 2029 2044 2030 2044 2031 2044 2031 2045 2030 2045 2026 2045 2031 2045 2026 2045 2027 2045 2025 4 2029 4 2031 4 2025 4 2031 4 2027 4 2028 5 2024 5 2026 5 2028 5 2026 5 2030 5 2031 2046 2030 2046 2028 2046 2031 2047 2028 2047 2029 2047 2029 2048 2028 2048 2032 2048 2029 2049 2032 2049 2033 2049 2033 2050 2032 2050 2034 2050 2033 2050 2034 2050 2035 2050 2035 2051 2034 2051 2030 2051 2035 2051 2030 2051 2031 2051 2029 4 2033 4 2035 4 2029 4 2035 4 2031 4 2032 5 2028 5 2030 5 2032 5 2030 5 2034 5 2035 2052 2034 2052 2032 2052 2035 2052 2032 2052 2033 2052 2033 2053 2032 2053 2036 2053 2033 2054 2036 2054 2037 2054 2037 2055 2036 2055 2038 2055 2037 2056 2038 2056 2039 2056 2039 2057 2038 2057 2034 2057 2039 2058 2034 2058 2035 2058 2033 4 2037 4 2039 4 2033 4 2039 4 2035 4 2036 2059 2032 2059 2034 2059 2036 2060 2034 2060 2038 2060 2039 2061 2038 2061 2036 2061 2039 2062 2036 2062 2037 2062 2037 2063 2036 2063 2040 2063 2037 2063 2040 2063 2041 2063 2041 2064 2040 2064 2042 2064 2041 2064 2042 2064 2043 2064 2043 2065 2042 2065 2038 2065 2043 2066 2038 2066 2039 2066 2037 4 2041 4 2043 4 2037 4 2043 4 2039 4 2040 2067 2036 2067 2038 2067 2040 2068 2038 2068 2042 2068 2043 2069 2042 2069 2040 2069 2043 2069 2040 2069 2041 2069 2041 2070 2040 2070 2044 2070 2041 2070 2044 2070 2045 2070 2045 2071 2044 2071 2046 2071 2045 2072 2046 2072 2047 2072 2047 2073 2046 2073 2042 2073 2047 2073 2042 2073 2043 2073 2041 4 2045 4 2047 4 2041 4 2047 4 2043 4 2044 2074 2040 2074 2042 2074 2044 2075 2042 2075 2046 2075 2047 2076 2046 2076 2044 2076 2047 2077 2044 2077 2045 2077 2045 2078 2044 2078 2048 2078 2045 2078 2048 2078 2049 2078 2049 2079 2048 2079 2050 2079 2049 2079 2050 2079 2051 2079 2051 2080 2050 2080 2046 2080 2051 2081 2046 2081 2047 2081 2045 4 2049 4 2051 4 2045 4 2051 4 2047 4 2048 2082 2044 2082 2046 2082 2048 2083 2046 2083 2050 2083 2051 2084 2050 2084 2048 2084 2051 2084 2048 2084 2049 2084 2049 2085 2048 2085 2052 2085 2049 2085 2052 2085 2053 2085 2053 2086 2052 2086 2054 2086 2053 2087 2054 2087 2055 2087 2055 2088 2054 2088 2050 2088 2055 2089 2050 2089 2051 2089 2049 4 2053 4 2055 4 2049 4 2055 4 2051 4 2052 5 2048 5 2050 5 2052 5 2050 5 2054 5 2055 2090 2054 2090 2052 2090 2055 2091 2052 2091 2053 2091 2053 2092 2052 2092 2056 2092 2053 2092 2056 2092 2057 2092 2057 2093 2056 2093 2058 2093 2057 2093 2058 2093 2059 2093 2059 2094 2058 2094 2054 2094 2059 2095 2054 2095 2055 2095 2053 4 2057 4 2059 4 2053 4 2059 4 2055 4 2056 5 2052 5 2054 5 2056 5 2054 5 2058 5 2059 2096 2058 2096 2056 2096 2059 2096 2056 2096 2057 2096 2057 2097 2056 2097 2060 2097 2057 2097 2060 2097 2061 2097 2061 2098 2060 2098 2062 2098 2061 2099 2062 2099 2063 2099 2063 2100 2062 2100 2058 2100 2063 2100 2058 2100 2059 2100 2057 4 2061 4 2063 4 2057 4 2063 4 2059 4 2060 5 2056 5 2058 5 2060 2101 2058 2101 2062 2101 2063 2102 2062 2102 2060 2102 2063 2103 2060 2103 2061 2103 2061 2104 2060 2104 2064 2104 2061 2104 2064 2104 2065 2104 2065 2105 2064 2105 2066 2105 2065 2105 2066 2105 2067 2105 2067 2106 2066 2106 2062 2106 2067 2107 2062 2107 2063 2107 2061 4 2065 4 2067 4 2061 4 2067 4 2063 4 2064 2108 2060 2108 2062 2108 2064 2109 2062 2109 2066 2109 2067 2110 2066 2110 2064 2110 2067 2110 2064 2110 2065 2110 2065 2111 2064 2111 2068 2111 2065 2111 2068 2111 2069 2111 2069 2112 2068 2112 2070 2112 2069 2113 2070 2113 2071 2113 2071 2114 2070 2114 2066 2114 2071 2115 2066 2115 2067 2115 2065 4 2069 4 2071 4 2065 4 2071 4 2067 4 2068 2116 2064 2116 2066 2116 2068 2117 2066 2117 2070 2117 2071 2118 2070 2118 2068 2118 2071 2119 2068 2119 2069 2119 2069 2120 2068 2120 2072 2120 2069 2120 2072 2120 2073 2120 2073 2121 2072 2121 2074 2121 2073 2121 2074 2121 2075 2121 2075 2122 2074 2122 2070 2122 2075 2123 2070 2123 2071 2123 2069 4 2073 4 2075 4 2069 4 2075 4 2071 4 2072 2124 2068 2124 2070 2124 2072 2125 2070 2125 2074 2125 2075 2126 2074 2126 2072 2126 2075 2126 2072 2126 2073 2126 2073 2127 2072 2127 2076 2127 2073 2127 2076 2127 2077 2127 2077 2128 2076 2128 2078 2128 2077 2128 2078 2128 2079 2128 2079 2129 2078 2129 2074 2129 2079 2129 2074 2129 2075 2129 2073 4 2077 4 2079 4 2073 4 2079 4 2075 4 2076 5 2072 5 2074 5 2076 5 2074 5 2078 5 2079 2130 2078 2130 2076 2130 2079 2130 2076 2130 2077 2130 2077 2131 2076 2131 2080 2131 2077 2132 2080 2132 2081 2132 2081 2133 2080 2133 2082 2133 2081 2134 2082 2134 2083 2134 2083 2135 2082 2135 2078 2135 2083 2135 2078 2135 2079 2135 2077 4 2081 4 2083 4 2077 4 2083 4 2079 4 2080 5 2076 5 2078 5 2080 5 2078 5 2082 5 2083 2136 2082 2136 2080 2136 2083 2137 2080 2137 2081 2137 2081 2138 2080 2138 2084 2138 2081 2139 2084 2139 2085 2139 2085 2140 2084 2140 2086 2140 2085 2140 2086 2140 2087 2140 2087 2141 2086 2141 2082 2141 2087 2141 2082 2141 2083 2141 2081 4 2085 4 2087 4 2081 4 2087 4 2083 4 2084 5 2080 5 2082 5 2084 5 2082 5 2086 5 2087 2142 2086 2142 2084 2142 2087 2142 2084 2142 2085 2142 2085 2143 2084 2143 2088 2143 2085 2144 2088 2144 2089 2144 2089 2145 2088 2145 2090 2145 2089 2145 2090 2145 2091 2145 2091 2146 2090 2146 2086 2146 2091 2147 2086 2147 2087 2147 2085 4 2089 4 2091 4 2085 4 2091 4 2087 4 2088 2148 2084 2148 2086 2148 2088 2149 2086 2149 2090 2149 2091 2150 2090 2150 2088 2150 2091 2150 2088 2150 2089 2150 2089 2151 2088 2151 2092 2151 2089 2151 2092 2151 2093 2151 2093 2152 2092 2152 2094 2152 2093 2152 2094 2152 2095 2152 2095 2153 2094 2153 2090 2153 2095 2154 2090 2154 2091 2154 2089 4 2093 4 2095 4 2089 4 2095 4 2091 4 2092 2155 2088 2155 2090 2155 2092 2156 2090 2156 2094 2156 2095 2157 2094 2157 2092 2157 2095 2157 2092 2157 2093 2157 2093 2158 2092 2158 2096 2158 2093 2158 2096 2158 2097 2158 2097 2159 2096 2159 2098 2159 2097 2159 2098 2159 2099 2159 2099 2160 2098 2160 2094 2160 2099 2160 2094 2160 2095 2160 2093 4 2097 4 2099 4 2093 4 2099 4 2095 4 2096 5 2092 5 2094 5 2096 5 2094 5 2098 5 2099 2161 2098 2161 2096 2161 2099 2161 2096 2161 2097 2161 2097 2162 2096 2162 2100 2162 2097 2163 2100 2163 2101 2163 2101 2164 2100 2164 2102 2164 2101 2164 2102 2164 2103 2164 2103 2165 2102 2165 2098 2165 2103 2165 2098 2165 2099 2165 2097 4 2101 4 2103 4 2097 4 2103 4 2099 4 2100 2166 2096 2166 2098 2166 2100 2167 2098 2167 2102 2167 2103 2168 2102 2168 2100 2168 2103 2168 2100 2168 2101 2168 2101 2169 2100 2169 2104 2169 2101 2170 2104 2170 2105 2170 2105 2171 2104 2171 2106 2171 2105 2171 2106 2171 2107 2171 2107 2172 2106 2172 2102 2172 2107 2172 2102 2172 2103 2172 2101 4 2105 4 2107 4 2101 4 2107 4 2103 4 2104 2173 2100 2173 2102 2173 2104 5 2102 5 2106 5 2107 2174 2106 2174 2104 2174 2107 2174 2104 2174 2105 2174 2105 2175 2104 2175 2108 2175 2105 2175 2108 2175 2109 2175 2109 2176 2108 2176 2110 2176 2109 2176 2110 2176 2111 2176 2111 2177 2110 2177 2106 2177 2111 2177 2106 2177 2107 2177 2105 4 2109 4 2111 4 2105 4 2111 4 2107 4 2108 5 2104 5 2106 5 2108 5 2106 5 2110 5 2111 2178 2110 2178 2108 2178 2111 2178 2108 2178 2109 2178 2109 2179 2108 2179 2112 2179 2109 2179 2112 2179 2113 2179 2113 2180 2112 2180 2114 2180 2113 2180 2114 2180 2115 2180 2115 2181 2114 2181 2110 2181 2115 2181 2110 2181 2111 2181 2109 4 2113 4 2115 4 2109 4 2115 4 2111 4 2112 5 2108 5 2110 5 2112 5 2110 5 2114 5 2115 2182 2114 2182 2112 2182 2115 2182 2112 2182 2113 2182 2113 2183 2112 2183 2116 2183 2113 2183 2116 2183 2117 2183 2117 2180 2116 2180 2118 2180 2117 2180 2118 2180 2119 2180 2119 2184 2118 2184 2114 2184 2119 2184 2114 2184 2115 2184 2113 4 2117 4 2119 4 2113 4 2119 4 2115 4 2116 5 2112 5 2114 5 2116 5 2114 5 2118 5 2120 2185 2121 2185 2122 2185 2120 2185 2122 2185 2123 2185 2123 2186 2122 2186 2124 2186 2123 2186 2124 2186 2125 2186 2125 2187 2124 2187 2126 2187 2125 2187 2126 2187 2127 2187 2127 2188 2126 2188 2121 2188 2127 2189 2121 2189 2120 2189 2123 4 2125 4 2127 4 2123 4 2127 4 2120 4 2124 2190 2122 2190 2121 2190 2124 2191 2121 2191 2126 2191 2127 2192 2126 2192 2124 2192 2127 2192 2124 2192 2125 2192 2125 2193 2124 2193 2128 2193 2125 2193 2128 2193 2129 2193 2129 2194 2128 2194 2130 2194 2129 2194 2130 2194 2131 2194 2131 2195 2130 2195 2126 2195 2131 2196 2126 2196 2127 2196 2125 4 2129 4 2131 4 2125 4 2131 4 2127 4 2128 2197 2124 2197 2126 2197 2128 2198 2126 2198 2130 2198 2131 2199 2130 2199 2128 2199 2131 2199 2128 2199 2129 2199 2129 2200 2128 2200 2132 2200 2129 2201 2132 2201 2133 2201 2133 2202 2132 2202 2134 2202 2133 2203 2134 2203 2135 2203 2135 2204 2134 2204 2130 2204 2135 2204 2130 2204 2131 2204 2129 4 2133 4 2135 4 2129 4 2135 4 2131 4 2132 2205 2128 2205 2130 2205 2132 2206 2130 2206 2134 2206 2135 2207 2134 2207 2132 2207 2135 2208 2132 2208 2133 2208 2133 2209 2132 2209 2136 2209 2133 2210 2136 2210 2137 2210 2137 2211 2136 2211 2138 2211 2137 2211 2138 2211 2139 2211 2139 2212 2138 2212 2134 2212 2139 2212 2134 2212 2135 2212 2133 4 2137 4 2139 4 2133 4 2139 4 2135 4 2136 5 2132 5 2134 5 2136 5 2134 5 2138 5 2139 2213 2138 2213 2136 2213 2139 2213 2136 2213 2137 2213 2137 2214 2136 2214 2140 2214 2137 2215 2140 2215 2141 2215 2141 2216 2140 2216 2142 2216 2141 2217 2142 2217 2143 2217 2143 2218 2142 2218 2138 2218 2143 2219 2138 2219 2139 2219 2137 4 2141 4 2143 4 2137 4 2143 4 2139 4 2140 2220 2136 2220 2138 2220 2140 2221 2138 2221 2142 2221 2143 2222 2142 2222 2140 2222 2143 2223 2140 2223 2141 2223 2141 2224 2140 2224 2144 2224 2141 2225 2144 2225 2145 2225 2145 2226 2144 2226 2146 2226 2145 2227 2146 2227 2147 2227 2147 2228 2146 2228 2142 2228 2147 2229 2142 2229 2143 2229 2141 4 2145 4 2147 4 2141 4 2147 4 2143 4 2144 2230 2140 2230 2142 2230 2144 2231 2142 2231 2146 2231 2147 2232 2146 2232 2144 2232 2147 2233 2144 2233 2145 2233 2145 2234 2144 2234 2148 2234 2145 2235 2148 2235 2149 2235 2149 2236 2148 2236 2150 2236 2149 2236 2150 2236 2151 2236 2151 2237 2150 2237 2146 2237 2151 2238 2146 2238 2147 2238 2145 4 2149 4 2151 4 2145 4 2151 4 2147 4 2148 5 2144 5 2146 5 2148 5 2146 5 2150 5 2151 2239 2150 2239 2148 2239 2151 2239 2148 2239 2149 2239 2149 2240 2148 2240 2152 2240 2149 2241 2152 2241 2153 2241 2153 2242 2152 2242 2154 2242 2153 2243 2154 2243 2155 2243 2155 2244 2154 2244 2150 2244 2155 2245 2150 2245 2151 2245 2149 4 2153 4 2155 4 2149 4 2155 4 2151 4 2152 2246 2148 2246 2150 2246 2152 2247 2150 2247 2154 2247 2155 2248 2154 2248 2152 2248 2155 2249 2152 2249 2153 2249 2153 2250 2152 2250 2156 2250 2153 2251 2156 2251 2157 2251 2157 2252 2156 2252 2158 2252 2157 2252 2158 2252 2159 2252 2159 2253 2158 2253 2154 2253 2159 2253 2154 2253 2155 2253 2153 4 2157 4 2159 4 2153 4 2159 4 2155 4 2156 2254 2152 2254 2154 2254 2156 5 2154 5 2158 5 2159 2255 2158 2255 2156 2255 2159 2255 2156 2255 2157 2255 2157 2256 2156 2256 2160 2256 2157 2256 2160 2256 2161 2256 2161 2257 2160 2257 2162 2257 2161 2257 2162 2257 2163 2257 2163 2258 2162 2258 2158 2258 2163 2259 2158 2259 2159 2259 2157 4 2161 4 2163 4 2157 4 2163 4 2159 4 2160 2260 2156 2260 2158 2260 2160 2261 2158 2261 2162 2261 2163 2262 2162 2262 2160 2262 2163 2262 2160 2262 2161 2262 2161 2263 2160 2263 2164 2263 2161 2264 2164 2264 2165 2264 2165 2265 2164 2265 2166 2265 2165 2265 2166 2265 2167 2265 2167 2266 2166 2266 2162 2266 2167 2267 2162 2267 2163 2267 2161 4 2165 4 2167 4 2161 4 2167 4 2163 4 2164 2268 2160 2268 2162 2268 2164 2269 2162 2269 2166 2269 2167 2270 2166 2270 2164 2270 2167 2270 2164 2270 2165 2270 2165 2271 2164 2271 2168 2271 2165 2271 2168 2271 2169 2271 2169 2272 2168 2272 2170 2272 2169 2272 2170 2272 2171 2272 2171 2273 2170 2273 2166 2273 2171 2273 2166 2273 2167 2273 2165 4 2169 4 2171 4 2165 4 2171 4 2167 4 2168 5 2164 5 2166 5 2168 5 2166 5 2170 5 2171 2274 2170 2274 2168 2274 2171 2274 2168 2274 2169 2274 2169 2275 2168 2275 2172 2275 2169 2275 2172 2275 2173 2275 2173 2276 2172 2276 2174 2276 2173 2276 2174 2276 2175 2276 2175 2277 2174 2277 2170 2277 2175 2277 2170 2277 2171 2277 2169 4 2173 4 2175 4 2169 4 2175 4 2171 4 2172 2278 2168 2278 2170 2278 2172 2279 2170 2279 2174 2279 2175 2280 2174 2280 2172 2280 2175 2280 2172 2280 2173 2280 2173 2281 2172 2281 2176 2281 2173 2282 2176 2282 2177 2282 2177 2283 2176 2283 2178 2283 2177 2283 2178 2283 2179 2283 2179 2284 2178 2284 2174 2284 2179 2284 2174 2284 2175 2284 2173 4 2177 4 2179 4 2173 4 2179 4 2175 4 2176 2285 2172 2285 2174 2285 2176 2286 2174 2286 2178 2286 2179 2287 2178 2287 2176 2287 2179 2287 2176 2287 2177 2287 2177 2288 2176 2288 2180 2288 2177 2288 2180 2288 2181 2288 2181 2289 2180 2289 2182 2289 2181 2289 2182 2289 2183 2289 2183 2290 2182 2290 2178 2290 2183 2290 2178 2290 2179 2290 2177 4 2181 4 2183 4 2177 4 2183 4 2179 4 2180 2291 2176 2291 2178 2291 2180 2292 2178 2292 2182 2292 2183 2293 2182 2293 2180 2293 2183 2293 2180 2293 2181 2293 2181 2294 2180 2294 2184 2294 2181 2295 2184 2295 2185 2295 2185 2296 2184 2296 2186 2296 2185 2296 2186 2296 2187 2296 2187 2297 2186 2297 2182 2297 2187 2298 2182 2298 2183 2298 2181 4 2185 4 2187 4 2181 4 2187 4 2183 4 2184 2299 2180 2299 2182 2299 2184 2300 2182 2300 2186 2300 2187 2301 2186 2301 2184 2301 2187 2301 2184 2301 2185 2301 2185 2302 2184 2302 2188 2302 2185 2303 2188 2303 2189 2303 2189 2304 2188 2304 2190 2304 2189 2305 2190 2305 2191 2305 2191 2306 2190 2306 2186 2306 2191 2307 2186 2307 2187 2307 2185 4 2189 4 2191 4 2185 4 2191 4 2187 4 2188 2308 2184 2308 2186 2308 2188 2309 2186 2309 2190 2309 2191 2310 2190 2310 2188 2310 2191 2311 2188 2311 2189 2311 2189 2312 2188 2312 2192 2312 2189 2313 2192 2313 2193 2313 2193 2314 2192 2314 2194 2314 2193 2314 2194 2314 2195 2314 2195 2315 2194 2315 2190 2315 2195 2315 2190 2315 2191 2315 2189 4 2193 4 2195 4 2189 4 2195 4 2191 4 2192 5 2188 5 2190 5 2192 5 2190 5 2194 5 2195 2316 2194 2316 2192 2316 2195 2316 2192 2316 2193 2316 2193 2317 2192 2317 2196 2317 2193 2317 2196 2317 2197 2317 2197 2318 2196 2318 2198 2318 2197 2318 2198 2318 2199 2318 2199 2319 2198 2319 2194 2319 2199 2319 2194 2319 2195 2319 2193 4 2197 4 2199 4 2193 4 2199 4 2195 4 2196 5 2192 5 2194 5 2196 5 2194 5 2198 5 2199 2320 2198 2320 2196 2320 2199 2320 2196 2320 2197 2320 2197 2321 2196 2321 2200 2321 2197 2321 2200 2321 2201 2321 2201 2322 2200 2322 2202 2322 2201 2323 2202 2323 2203 2323 2203 2324 2202 2324 2198 2324 2203 2325 2198 2325 2199 2325 2197 4 2201 4 2203 4 2197 4 2203 4 2199 4 2200 2326 2196 2326 2198 2326 2200 2327 2198 2327 2202 2327 2203 2328 2202 2328 2200 2328 2203 2329 2200 2329 2201 2329 2201 2330 2200 2330 2204 2330 2201 2331 2204 2331 2205 2331 2205 2332 2204 2332 2206 2332 2205 2332 2206 2332 2207 2332 2207 2333 2206 2333 2202 2333 2207 2334 2202 2334 2203 2334 2201 4 2205 4 2207 4 2201 4 2207 4 2203 4 2204 2335 2200 2335 2202 2335 2204 2336 2202 2336 2206 2336 2207 2337 2206 2337 2204 2337 2207 2337 2204 2337 2205 2337 2205 2338 2204 2338 2208 2338 2205 2338 2208 2338 2209 2338 2209 2339 2208 2339 2210 2339 2209 2339 2210 2339 2211 2339 2211 2340 2210 2340 2206 2340 2211 2341 2206 2341 2207 2341 2205 4 2209 4 2211 4 2205 4 2211 4 2207 4 2208 2342 2204 2342 2206 2342 2208 2343 2206 2343 2210 2343 2211 2344 2210 2344 2208 2344 2211 2344 2208 2344 2209 2344 2209 2345 2208 2345 2212 2345 2209 2345 2212 2345 2213 2345 2213 2346 2212 2346 2214 2346 2213 2346 2214 2346 2215 2346 2215 2347 2214 2347 2210 2347 2215 2347 2210 2347 2211 2347 2209 4 2213 4 2215 4 2209 4 2215 4 2211 4 2212 2348 2208 2348 2210 2348 2212 2349 2210 2349 2214 2349 2215 2350 2214 2350 2212 2350 2215 2350 2212 2350 2213 2350 2213 2351 2212 2351 2216 2351 2213 2351 2216 2351 2217 2351 2217 2352 2216 2352 2218 2352 2217 2352 2218 2352 2219 2352 2219 2353 2218 2353 2214 2353 2219 2354 2214 2354 2215 2354 2213 4 2217 4 2219 4 2213 4 2219 4 2215 4 2216 2355 2212 2355 2214 2355 2216 2356 2214 2356 2218 2356 2219 2357 2218 2357 2216 2357 2219 2357 2216 2357 2217 2357 2217 2358 2216 2358 2220 2358 2217 2359 2220 2359 2221 2359 2221 2360 2220 2360 2222 2360 2221 2361 2222 2361 2223 2361 2223 2362 2222 2362 2218 2362 2223 2362 2218 2362 2219 2362 2217 4 2221 4 2223 4 2217 4 2223 4 2219 4 2220 2363 2216 2363 2218 2363 2220 2364 2218 2364 2222 2364 2223 2365 2222 2365 2220 2365 2223 2366 2220 2366 2221 2366 2221 2367 2220 2367 2224 2367 2221 2367 2224 2367 2225 2367 2225 2368 2224 2368 2226 2368 2225 2368 2226 2368 2227 2368 2227 2369 2226 2369 2222 2369 2227 2370 2222 2370 2223 2370 2221 4 2225 4 2227 4 2221 4 2227 4 2223 4 2224 2371 2220 2371 2222 2371 2224 2372 2222 2372 2226 2372 2227 2373 2226 2373 2224 2373 2227 2373 2224 2373 2225 2373 2225 2374 2224 2374 2228 2374 2225 2374 2228 2374 2229 2374 2229 2375 2228 2375 2230 2375 2229 2375 2230 2375 2231 2375 2231 2376 2230 2376 2226 2376 2231 2376 2226 2376 2227 2376 2225 4 2229 4 2231 4 2225 4 2231 4 2227 4 2228 2377 2224 2377 2226 2377 2228 2378 2226 2378 2230 2378 2231 2379 2230 2379 2228 2379 2231 2379 2228 2379 2229 2379 2229 2380 2228 2380 2232 2380 2229 2381 2232 2381 2233 2381 2233 2382 2232 2382 2234 2382 2233 2383 2234 2383 2235 2383 2235 2384 2234 2384 2230 2384 2235 2385 2230 2385 2231 2385 2229 4 2233 4 2235 4 2229 4 2235 4 2231 4 2232 2386 2228 2386 2230 2386 2232 2387 2230 2387 2234 2387 2235 2388 2234 2388 2232 2388 2235 2389 2232 2389 2233 2389 2233 2390 2232 2390 2236 2390 2233 2390 2236 2390 2237 2390 2237 2391 2236 2391 2238 2391 2237 2392 2238 2392 2239 2392 2239 2393 2238 2393 2234 2393 2239 2394 2234 2394 2235 2394 2233 4 2237 4 2239 4 2233 4 2239 4 2235 4 2236 5 2232 5 2234 5 2236 2395 2234 2395 2238 2395 2239 2396 2238 2396 2236 2396 2239 2397 2236 2397 2237 2397 2237 2398 2236 2398 2240 2398 2237 2398 2240 2398 2241 2398 2241 2399 2240 2399 2242 2399 2241 2399 2242 2399 2243 2399 2243 2400 2242 2400 2238 2400 2243 2401 2238 2401 2239 2401 2237 4 2241 4 2243 4 2237 4 2243 4 2239 4 2240 2402 2236 2402 2238 2402 2240 2403 2238 2403 2242 2403 2243 2404 2242 2404 2240 2404 2243 2404 2240 2404 2241 2404 2241 2405 2240 2405 2244 2405 2241 2405 2244 2405 2245 2405 2245 2406 2244 2406 2246 2406 2245 2406 2246 2406 2247 2406 2247 2407 2246 2407 2242 2407 2247 2408 2242 2408 2243 2408 2241 4 2245 4 2247 4 2241 4 2247 4 2243 4 2244 2409 2240 2409 2242 2409 2244 2410 2242 2410 2246 2410 2247 2411 2246 2411 2244 2411 2247 2411 2244 2411 2245 2411 2245 2412 2244 2412 2248 2412 2245 2412 2248 2412 2249 2412 2249 2413 2248 2413 2250 2413 2249 2413 2250 2413 2251 2413 2251 2414 2250 2414 2246 2414 2251 2414 2246 2414 2247 2414 2245 4 2249 4 2251 4 2245 4 2251 4 2247 4 2248 5 2244 5 2246 5 2248 5 2246 5 2250 5 2251 2415 2250 2415 2248 2415 2251 2415 2248 2415 2249 2415 2249 2416 2248 2416 2252 2416 2249 2416 2252 2416 2253 2416 2253 2417 2252 2417 2254 2417 2253 2418 2254 2418 2255 2418 2255 2419 2254 2419 2250 2419 2255 2419 2250 2419 2251 2419 2249 4 2253 4 2255 4 2249 4 2255 4 2251 4 2252 5 2248 5 2250 5 2252 2420 2250 2420 2254 2420 2255 2421 2254 2421 2252 2421 2255 2422 2252 2422 2253 2422 2253 2423 2252 2423 2256 2423 2253 2424 2256 2424 2257 2424 2257 2425 2256 2425 2258 2425 2257 2425 2258 2425 2259 2425 2259 2426 2258 2426 2254 2426 2259 2426 2254 2426 2255 2426 2253 4 2257 4 2259 4 2253 4 2259 4 2255 4 2256 2427 2252 2427 2254 2427 2256 2428 2254 2428 2258 2428 2259 2429 2258 2429 2256 2429 2259 2429 2256 2429 2257 2429 2257 2430 2256 2430 2260 2430 2257 2430 2260 2430 2261 2430 2261 2431 2260 2431 2262 2431 2261 2432 2262 2432 2263 2432 2263 2433 2262 2433 2258 2433 2263 2434 2258 2434 2259 2434 2257 4 2261 4 2263 4 2257 4 2263 4 2259 4 2260 2435 2256 2435 2258 2435 2260 2436 2258 2436 2262 2436 2263 2437 2262 2437 2260 2437 2263 2438 2260 2438 2261 2438 2261 2439 2260 2439 2264 2439 2261 2440 2264 2440 2265 2440 2265 2441 2264 2441 2266 2441 2265 2441 2266 2441 2267 2441 2267 2442 2266 2442 2262 2442 2267 2443 2262 2443 2263 2443 2261 4 2265 4 2267 4 2261 4 2267 4 2263 4 2264 2444 2260 2444 2262 2444 2264 2445 2262 2445 2266 2445 2267 2446 2266 2446 2264 2446 2267 2446 2264 2446 2265 2446 2265 2447 2264 2447 2268 2447 2265 2448 2268 2448 2269 2448 2269 2449 2268 2449 2270 2449 2269 2449 2270 2449 2271 2449 2271 2450 2270 2450 2266 2450 2271 2450 2266 2450 2267 2450 2265 4 2269 4 2271 4 2265 4 2271 4 2267 4 2268 2451 2264 2451 2266 2451 2268 2452 2266 2452 2270 2452 2271 2453 2270 2453 2268 2453 2271 2453 2268 2453 2269 2453 2269 2454 2268 2454 2272 2454 2269 2455 2272 2455 2273 2455 2273 2456 2272 2456 2274 2456 2273 2457 2274 2457 2275 2457 2275 2458 2274 2458 2270 2458 2275 2458 2270 2458 2271 2458 2269 4 2273 4 2275 4 2269 4 2275 4 2271 4 2272 5 2268 5 2270 5 2272 5 2270 5 2274 5 2275 2459 2274 2459 2272 2459 2275 2460 2272 2460 2273 2460 2273 2461 2272 2461 2276 2461 2273 2462 2276 2462 2277 2462 2277 2463 2276 2463 2278 2463 2277 2464 2278 2464 2279 2464 2279 2465 2278 2465 2274 2465 2279 2465 2274 2465 2275 2465 2273 4 2277 4 2279 4 2273 4 2279 4 2275 4 2276 2466 2272 2466 2274 2466 2276 2467 2274 2467 2278 2467 2279 2468 2278 2468 2276 2468 2279 2469 2276 2469 2277 2469 2277 2470 2276 2470 2280 2470 2277 2470 2280 2470 2281 2470 2281 2471 2280 2471 2282 2471 2281 2471 2282 2471 2283 2471 2283 2472 2282 2472 2278 2472 2283 2472 2278 2472 2279 2472 2277 4 2281 4 2283 4 2277 4 2283 4 2279 4 2280 2473 2276 2473 2278 2473 2280 2474 2278 2474 2282 2474 2283 2475 2282 2475 2280 2475 2283 2475 2280 2475 2281 2475 2281 2476 2280 2476 2284 2476 2281 2476 2284 2476 2285 2476 2285 2477 2284 2477 2286 2477 2285 2477 2286 2477 2287 2477 2287 2478 2286 2478 2282 2478 2287 2478 2282 2478 2283 2478 2281 4 2285 4 2287 4 2281 4 2287 4 2283 4 2284 5 2280 5 2282 5 2284 5 2282 5 2286 5 2287 2479 2286 2479 2284 2479 2287 2479 2284 2479 2285 2479 2285 2480 2284 2480 2288 2480 2285 2481 2288 2481 2289 2481 2289 2482 2288 2482 2290 2482 2289 2482 2290 2482 2291 2482 2291 2483 2290 2483 2286 2483 2291 2483 2286 2483 2287 2483 2285 4 2289 4 2291 4 2285 4 2291 4 2287 4 2288 2484 2284 2484 2286 2484 2288 2485 2286 2485 2290 2485 2291 2486 2290 2486 2288 2486 2291 2486 2288 2486 2289 2486 2289 2487 2288 2487 2292 2487 2289 2487 2292 2487 2293 2487 2293 2488 2292 2488 2294 2488 2293 2488 2294 2488 2295 2488 2295 2489 2294 2489 2290 2489 2295 2489 2290 2489 2291 2489 2289 4 2293 4 2295 4 2289 4 2295 4 2291 4 2292 5 2288 5 2290 5 2292 5 2290 5 2294 5 2295 2490 2294 2490 2292 2490 2295 2490 2292 2490 2293 2490 2293 2491 2292 2491 2296 2491 2293 2492 2296 2492 2297 2492 2297 2493 2296 2493 2298 2493 2297 2493 2298 2493 2299 2493 2299 2494 2298 2494 2294 2494 2299 2495 2294 2495 2295 2495 2293 4 2297 4 2299 4 2293 4 2299 4 2295 4 2296 2496 2292 2496 2294 2496 2296 2497 2294 2497 2298 2497 2299 2498 2298 2498 2296 2498 2299 2498 2296 2498 2297 2498 2297 2499 2296 2499 2300 2499 2297 2500 2300 2500 2301 2500 2301 2501 2300 2501 2302 2501 2301 2501 2302 2501 2303 2501 2303 2502 2302 2502 2298 2502 2303 2503 2298 2503 2299 2503 2297 4 2301 4 2303 4 2297 4 2303 4 2299 4 2300 2504 2296 2504 2298 2504 2300 2505 2298 2505 2302 2505 2303 2506 2302 2506 2300 2506 2303 2506 2300 2506 2301 2506 2301 2507 2300 2507 2304 2507 2301 2508 2304 2508 2305 2508 2305 2509 2304 2509 2306 2509 2305 2509 2306 2509 2307 2509 2307 2510 2306 2510 2302 2510 2307 2510 2302 2510 2303 2510 2301 4 2305 4 2307 4 2301 4 2307 4 2303 4 2304 2511 2300 2511 2302 2511 2304 2512 2302 2512 2306 2512 2307 2513 2306 2513 2304 2513 2307 2513 2304 2513 2305 2513 2305 2514 2304 2514 2308 2514 2305 2514 2308 2514 2309 2514 2309 2515 2308 2515 2310 2515 2309 2515 2310 2515 2311 2515 2311 2516 2310 2516 2306 2516 2311 2516 2306 2516 2307 2516 2305 4 2309 4 2311 4 2305 4 2311 4 2307 4 2308 5 2304 5 2306 5 2308 5 2306 5 2310 5 2311 2517 2310 2517 2308 2517 2311 2517 2308 2517 2309 2517 2309 2518 2308 2518 2312 2518 2309 2519 2312 2519 2313 2519 2313 2520 2312 2520 2314 2520 2313 2521 2314 2521 2315 2521 2315 2522 2314 2522 2310 2522 2315 2523 2310 2523 2311 2523 2309 4 2313 4 2315 4 2309 4 2315 4 2311 4 2312 2524 2308 2524 2310 2524 2312 2525 2310 2525 2314 2525 2315 2526 2314 2526 2312 2526 2315 2527 2312 2527 2313 2527 2313 2528 2312 2528 2316 2528 2313 2529 2316 2529 2317 2529 2317 2530 2316 2530 2318 2530 2317 2530 2318 2530 2319 2530 2319 2531 2318 2531 2314 2531 2319 2532 2314 2532 2315 2532 2313 4 2317 4 2319 4 2313 4 2319 4 2315 4 2316 2533 2312 2533 2314 2533 2316 5 2314 5 2318 5 2319 2534 2318 2534 2316 2534 2319 2534 2316 2534 2317 2534 2317 2535 2316 2535 2320 2535 2317 2536 2320 2536 2321 2536 2321 2537 2320 2537 2322 2537 2321 2537 2322 2537 2323 2537 2323 2538 2322 2538 2318 2538 2323 2538 2318 2538 2319 2538 2317 4 2321 4 2323 4 2317 4 2323 4 2319 4 2320 2539 2316 2539 2318 2539 2320 2540 2318 2540 2322 2540 2324 2541 2325 2541 2326 2541 2324 2542 2326 2542 2327 2542 2327 2543 2326 2543 2328 2543 2327 2544 2328 2544 2329 2544 2329 2545 2328 2545 2330 2545 2329 2545 2330 2545 2331 2545 2331 2546 2330 2546 2325 2546 2331 2546 2325 2546 2324 2546 2327 4 2329 4 2331 4 2327 4 2331 4 2324 4 2328 2547 2326 2547 2325 2547 2328 2548 2325 2548 2330 2548 2331 2549 2330 2549 2328 2549 2331 2549 2328 2549 2329 2549 2329 2550 2328 2550 2332 2550 2329 2551 2332 2551 2333 2551 2333 2552 2332 2552 2334 2552 2333 2552 2334 2552 2335 2552 2335 2553 2334 2553 2330 2553 2335 2554 2330 2554 2331 2554 2329 4 2333 4 2335 4 2329 4 2335 4 2331 4 2332 2555 2328 2555 2330 2555 2332 2556 2330 2556 2334 2556 2335 2557 2334 2557 2332 2557 2335 2557 2332 2557 2333 2557 2333 2558 2332 2558 2336 2558 2333 2559 2336 2559 2337 2559 2337 2560 2336 2560 2338 2560 2337 2560 2338 2560 2339 2560 2339 2561 2338 2561 2334 2561 2339 2561 2334 2561 2335 2561 2333 4 2337 4 2339 4 2333 4 2339 4 2335 4 2336 2562 2332 2562 2334 2562 2336 2563 2334 2563 2338 2563 2339 2564 2338 2564 2336 2564 2339 2564 2336 2564 2337 2564 2337 2565 2336 2565 2340 2565 2337 2565 2340 2565 2341 2565 2341 2566 2340 2566 2342 2566 2341 2566 2342 2566 2343 2566 2343 2567 2342 2567 2338 2567 2343 2567 2338 2567 2339 2567 2337 4 2341 4 2343 4 2337 4 2343 4 2339 4 2340 5 2336 5 2338 5 2340 5 2338 5 2342 5 2343 2568 2342 2568 2340 2568 2343 2568 2340 2568 2341 2568 2341 2569 2340 2569 2344 2569 2341 2569 2344 2569 2345 2569 2345 2570 2344 2570 2346 2570 2345 2570 2346 2570 2347 2570 2347 2571 2346 2571 2342 2571 2347 2571 2342 2571 2343 2571 2341 4 2345 4 2347 4 2341 4 2347 4 2343 4 2344 5 2340 5 2342 5 2344 5 2342 5 2346 5 2347 2572 2346 2572 2344 2572 2347 2572 2344 2572 2345 2572 2345 2573 2344 2573 2348 2573 2345 2573 2348 2573 2349 2573 2349 2574 2348 2574 2350 2574 2349 2574 2350 2574 2351 2574 2351 2575 2350 2575 2346 2575 2351 2575 2346 2575 2347 2575 2345 4 2349 4 2351 4 2345 4 2351 4 2347 4 2348 5 2344 5 2346 5 2348 5 2346 5 2350 5 2351 2576 2350 2576 2348 2576 2351 2576 2348 2576 2349 2576 2349 2577 2348 2577 2352 2577 2349 2578 2352 2578 2353 2578 2353 2579 2352 2579 2354 2579 2353 2580 2354 2580 2355 2580 2355 2581 2354 2581 2350 2581 2355 2582 2350 2582 2351 2582 2349 4 2353 4 2355 4 2349 4 2355 4 2351 4 2352 2583 2348 2583 2350 2583 2352 2584 2350 2584 2354 2584 2355 2585 2354 2585 2352 2585 2355 2586 2352 2586 2353 2586 2353 2587 2352 2587 2356 2587 2353 2588 2356 2588 2357 2588 2357 2589 2356 2589 2358 2589 2357 2589 2358 2589 2359 2589 2359 2590 2358 2590 2354 2590 2359 2590 2354 2590 2355 2590 2353 4 2357 4 2359 4 2353 4 2359 4 2355 4 2356 2591 2352 2591 2354 2591 2356 2592 2354 2592 2358 2592 2359 2593 2358 2593 2356 2593 2359 2593 2356 2593 2357 2593 2357 2594 2356 2594 2360 2594 2357 2595 2360 2595 2361 2595 2361 2596 2360 2596 2362 2596 2361 2597 2362 2597 2363 2597 2363 2598 2362 2598 2358 2598 2363 2598 2358 2598 2359 2598 2357 4 2361 4 2363 4 2357 4 2363 4 2359 4 2360 2599 2356 2599 2358 2599 2360 5 2358 5 2362 5 2363 2600 2362 2600 2360 2600 2363 2601 2360 2601 2361 2601 2361 2602 2360 2602 2364 2602 2361 2603 2364 2603 2365 2603 2365 2604 2364 2604 2366 2604 2365 2604 2366 2604 2367 2604 2367 2605 2366 2605 2362 2605 2367 2606 2362 2606 2363 2606 2361 4 2365 4 2367 4 2361 4 2367 4 2363 4 2364 2607 2360 2607 2362 2607 2364 2608 2362 2608 2366 2608 2367 2609 2366 2609 2364 2609 2367 2609 2364 2609 2365 2609 2365 2610 2364 2610 2368 2610 2365 2610 2368 2610 2369 2610 2369 2611 2368 2611 2370 2611 2369 2611 2370 2611 2371 2611 2371 2612 2370 2612 2366 2612 2371 2613 2366 2613 2367 2613 2365 4 2369 4 2371 4 2365 4 2371 4 2367 4 2368 2614 2364 2614 2366 2614 2368 2615 2366 2615 2370 2615 2371 2616 2370 2616 2368 2616 2371 2616 2368 2616 2369 2616 2369 2617 2368 2617 2372 2617 2369 2617 2372 2617 2373 2617 2373 2618 2372 2618 2374 2618 2373 2618 2374 2618 2375 2618 2375 2619 2374 2619 2370 2619 2375 2620 2370 2620 2371 2620 2369 4 2373 4 2375 4 2369 4 2375 4 2371 4 2372 2621 2368 2621 2370 2621 2372 2622 2370 2622 2374 2622 2375 2623 2374 2623 2372 2623 2375 2623 2372 2623 2373 2623 2373 2624 2372 2624 2376 2624 2373 2625 2376 2625 2377 2625 2377 2626 2376 2626 2378 2626 2377 2627 2378 2627 2379 2627 2379 2628 2378 2628 2374 2628 2379 2629 2374 2629 2375 2629 2373 4 2377 4 2379 4 2373 4 2379 4 2375 4 2376 2630 2372 2630 2374 2630 2376 2631 2374 2631 2378 2631 2379 2632 2378 2632 2376 2632 2379 2633 2376 2633 2377 2633 2377 2634 2376 2634 2380 2634 2377 2635 2380 2635 2381 2635 2381 2636 2380 2636 2382 2636 2381 2636 2382 2636 2383 2636 2383 2637 2382 2637 2378 2637 2383 2638 2378 2638 2379 2638 2377 4 2381 4 2383 4 2377 4 2383 4 2379 4 2380 2639 2376 2639 2378 2639 2380 2640 2378 2640 2382 2640 2383 2641 2382 2641 2380 2641 2383 2641 2380 2641 2381 2641 2381 2642 2380 2642 2384 2642 2381 2643 2384 2643 2385 2643 2385 2644 2384 2644 2386 2644 2385 2644 2386 2644 2387 2644 2387 2645 2386 2645 2382 2645 2387 2645 2382 2645 2383 2645 2381 4 2385 4 2387 4 2381 4 2387 4 2383 4 2384 2646 2380 2646 2382 2646 2384 2647 2382 2647 2386 2647 2387 2648 2386 2648 2384 2648 2387 2648 2384 2648 2385 2648 2385 2649 2384 2649 2388 2649 2385 2649 2388 2649 2389 2649 2389 2650 2388 2650 2390 2650 2389 2650 2390 2650 2391 2650 2391 2651 2390 2651 2386 2651 2391 2651 2386 2651 2387 2651 2385 4 2389 4 2391 4 2385 4 2391 4 2387 4 2388 5 2384 5 2386 5 2388 5 2386 5 2390 5 2391 2652 2390 2652 2388 2652 2391 2652 2388 2652 2389 2652 2389 2653 2388 2653 2392 2653 2389 2653 2392 2653 2393 2653 2393 2654 2392 2654 2394 2654 2393 2654 2394 2654 2395 2654 2395 2655 2394 2655 2390 2655 2395 2655 2390 2655 2391 2655 2389 4 2393 4 2395 4 2389 4 2395 4 2391 4 2392 2656 2388 2656 2390 2656 2392 2657 2390 2657 2394 2657 2395 2658 2394 2658 2392 2658 2395 2658 2392 2658 2393 2658 2393 2659 2392 2659 2396 2659 2393 2660 2396 2660 2397 2660 2397 2661 2396 2661 2398 2661 2397 2661 2398 2661 2399 2661 2399 2662 2398 2662 2394 2662 2399 2663 2394 2663 2395 2663 2393 4 2397 4 2399 4 2393 4 2399 4 2395 4 2396 2664 2392 2664 2394 2664 2396 2665 2394 2665 2398 2665 2399 2666 2398 2666 2396 2666 2399 2666 2396 2666 2397 2666 2397 2667 2396 2667 2400 2667 2397 2668 2400 2668 2401 2668 2401 2669 2400 2669 2402 2669 2401 2669 2402 2669 2403 2669 2403 2670 2402 2670 2398 2670 2403 2671 2398 2671 2399 2671 2397 4 2401 4 2403 4 2397 4 2403 4 2399 4 2400 2672 2396 2672 2398 2672 2400 2673 2398 2673 2402 2673 2403 2674 2402 2674 2400 2674 2403 2674 2400 2674 2401 2674 2401 2675 2400 2675 2404 2675 2401 2676 2404 2676 2405 2676 2405 2677 2404 2677 2406 2677 2405 2677 2406 2677 2407 2677 2407 2678 2406 2678 2402 2678 2407 2679 2402 2679 2403 2679 2401 4 2405 4 2407 4 2401 4 2407 4 2403 4 2404 2680 2400 2680 2402 2680 2404 2681 2402 2681 2406 2681 2407 2682 2406 2682 2404 2682 2407 2682 2404 2682 2405 2682 2405 2683 2404 2683 2408 2683 2405 2683 2408 2683 2409 2683 2409 2684 2408 2684 2410 2684 2409 2685 2410 2685 2411 2685 2411 2686 2410 2686 2406 2686 2411 2687 2406 2687 2407 2687 2405 4 2409 4 2411 4 2405 4 2411 4 2407 4 2408 2688 2404 2688 2406 2688 2408 2689 2406 2689 2410 2689 2411 2690 2410 2690 2408 2690 2411 2691 2408 2691 2409 2691 2409 2692 2408 2692 2412 2692 2409 2693 2412 2693 2413 2693 2413 2694 2412 2694 2414 2694 2413 2694 2414 2694 2415 2694 2415 2695 2414 2695 2410 2695 2415 2696 2410 2696 2411 2696 2409 4 2413 4 2415 4 2409 4 2415 4 2411 4 2412 2697 2408 2697 2410 2697 2412 2698 2410 2698 2414 2698 2415 2699 2414 2699 2412 2699 2415 2699 2412 2699 2413 2699 2413 2700 2412 2700 2416 2700 2413 2700 2416 2700 2417 2700 2417 2701 2416 2701 2418 2701 2417 2702 2418 2702 2419 2702 2419 2703 2418 2703 2414 2703 2419 2703 2414 2703 2415 2703 2413 4 2417 4 2419 4 2413 4 2419 4 2415 4 2416 2704 2412 2704 2414 2704 2416 2705 2414 2705 2418 2705 2419 2706 2418 2706 2416 2706 2419 2707 2416 2707 2417 2707 2417 2708 2416 2708 2420 2708 2417 2708 2420 2708 2421 2708 2421 2709 2420 2709 2422 2709 2421 2709 2422 2709 2423 2709 2423 2710 2422 2710 2418 2710 2423 2710 2418 2710 2419 2710 2417 4 2421 4 2423 4 2417 4 2423 4 2419 4 2420 2711 2416 2711 2418 2711 2420 2712 2418 2712 2422 2712 2423 2713 2422 2713 2420 2713 2423 2713 2420 2713 2421 2713 2421 2714 2420 2714 2424 2714 2421 2714 2424 2714 2425 2714 2425 2715 2424 2715 2426 2715 2425 2715 2426 2715 2427 2715 2427 2716 2426 2716 2422 2716 2427 2716 2422 2716 2423 2716 2421 4 2425 4 2427 4 2421 4 2427 4 2423 4 2424 5 2420 5 2422 5 2424 5 2422 5 2426 5 2427 2717 2426 2717 2424 2717 2427 2717 2424 2717 2425 2717 2425 2718 2424 2718 2428 2718 2425 2718 2428 2718 2429 2718 2429 2719 2428 2719 2430 2719 2429 2720 2430 2720 2431 2720 2431 2721 2430 2721 2426 2721 2431 2722 2426 2722 2427 2722 2425 4 2429 4 2431 4 2425 4 2431 4 2427 4 2428 2723 2424 2723 2426 2723 2428 2724 2426 2724 2430 2724 2431 2725 2430 2725 2428 2725 2431 2726 2428 2726 2429 2726 2429 2727 2428 2727 2432 2727 2429 2728 2432 2728 2433 2728 2433 2729 2432 2729 2434 2729 2433 2729 2434 2729 2435 2729 2435 2730 2434 2730 2430 2730 2435 2730 2430 2730 2431 2730 2429 4 2433 4 2435 4 2429 4 2435 4 2431 4 2432 2731 2428 2731 2430 2731 2432 2732 2430 2732 2434 2732 2435 2733 2434 2733 2432 2733 2435 2733 2432 2733 2433 2733 2433 2734 2432 2734 2436 2734 2433 2734 2436 2734 2437 2734 2437 2735 2436 2735 2438 2735 2437 2735 2438 2735 2439 2735 2439 2736 2438 2736 2434 2736 2439 2736 2434 2736 2435 2736 2433 4 2437 4 2439 4 2433 4 2439 4 2435 4 2436 5 2432 5 2434 5 2436 5 2434 5 2438 5 2439 2737 2438 2737 2436 2737 2439 2737 2436 2737 2437 2737 2437 2738 2436 2738 2440 2738 2437 2738 2440 2738 2441 2738 2441 2739 2440 2739 2442 2739 2441 2739 2442 2739 2443 2739 2443 2740 2442 2740 2438 2740 2443 2740 2438 2740 2439 2740 2437 4 2441 4 2443 4 2437 4 2443 4 2439 4 2440 2741 2436 2741 2438 2741 2440 2742 2438 2742 2442 2742 2443 2743 2442 2743 2440 2743 2443 2743 2440 2743 2441 2743 2441 2744 2440 2744 2444 2744 2441 2744 2444 2744 2445 2744 2445 2745 2444 2745 2446 2745 2445 2745 2446 2745 2447 2745 2447 2746 2446 2746 2442 2746 2447 2746 2442 2746 2443 2746 2441 4 2445 4 2447 4 2441 4 2447 4 2443 4 2444 2747 2440 2747 2442 2747 2444 2748 2442 2748 2446 2748 2447 2749 2446 2749 2444 2749 2447 2749 2444 2749 2445 2749 2445 2750 2444 2750 2448 2750 2445 2750 2448 2750 2449 2750 2449 2751 2448 2751 2450 2751 2449 2751 2450 2751 2451 2751 2451 2752 2450 2752 2446 2752 2451 2752 2446 2752 2447 2752 2445 4 2449 4 2451 4 2445 4 2451 4 2447 4 2448 5 2444 5 2446 5 2448 5 2446 5 2450 5 2451 2753 2450 2753 2448 2753 2451 2753 2448 2753 2449 2753 2449 2754 2448 2754 2452 2754 2449 2754 2452 2754 2453 2754 2453 2755 2452 2755 2454 2755 2453 2755 2454 2755 2455 2755 2455 2756 2454 2756 2450 2756 2455 2757 2450 2757 2451 2757 2449 4 2453 4 2455 4 2449 4 2455 4 2451 4 2452 2758 2448 2758 2450 2758 2452 2759 2450 2759 2454 2759 2455 2760 2454 2760 2452 2760 2455 2760 2452 2760 2453 2760 2453 2761 2452 2761 2456 2761 2453 2762 2456 2762 2457 2762 2457 2763 2456 2763 2458 2763 2457 2764 2458 2764 2459 2764 2459 2765 2458 2765 2454 2765 2459 2766 2454 2766 2455 2766 2453 4 2457 4 2459 4 2453 4 2459 4 2455 4 2456 2767 2452 2767 2454 2767 2456 5 2454 5 2458 5 2459 2768 2458 2768 2456 2768 2459 2769 2456 2769 2457 2769 2457 2770 2456 2770 2460 2770 2457 2770 2460 2770 2461 2770 2461 2771 2460 2771 2462 2771 2461 2771 2462 2771 2463 2771 2463 2772 2462 2772 2458 2772 2463 2773 2458 2773 2459 2773 2457 4 2461 4 2463 4 2457 4 2463 4 2459 4 2460 2774 2456 2774 2458 2774 2460 2775 2458 2775 2462 2775 2463 2776 2462 2776 2460 2776 2463 2776 2460 2776 2461 2776 2461 2777 2460 2777 2464 2777 2461 2778 2464 2778 2465 2778 2465 2779 2464 2779 2466 2779 2465 2779 2466 2779 2467 2779 2467 2780 2466 2780 2462 2780 2467 2780 2462 2780 2463 2780 2461 4 2465 4 2467 4 2461 4 2467 4 2463 4 2464 2781 2460 2781 2462 2781 2464 2782 2462 2782 2466 2782 2467 2783 2466 2783 2464 2783 2467 2783 2464 2783 2465 2783 2465 2784 2464 2784 2468 2784 2465 2784 2468 2784 2469 2784 2469 2785 2468 2785 2470 2785 2469 2785 2470 2785 2471 2785 2471 2786 2470 2786 2466 2786 2471 2786 2466 2786 2467 2786 2465 4 2469 4 2471 4 2465 4 2471 4 2467 4 2468 2787 2464 2787 2466 2787 2468 2788 2466 2788 2470 2788 2471 2789 2470 2789 2468 2789 2471 2789 2468 2789 2469 2789 2469 2790 2468 2790 2472 2790 2469 2791 2472 2791 2473 2791 2473 2792 2472 2792 2474 2792 2473 2793 2474 2793 2475 2793 2475 2794 2474 2794 2470 2794 2475 2795 2470 2795 2471 2795 2469 4 2473 4 2475 4 2469 4 2475 4 2471 4 2472 2796 2468 2796 2470 2796 2472 2797 2470 2797 2474 2797 2475 2798 2474 2798 2472 2798 2475 2799 2472 2799 2473 2799 2473 2800 2472 2800 2476 2800 2473 2800 2476 2800 2477 2800 2477 2801 2476 2801 2478 2801 2477 2801 2478 2801 2479 2801 2479 2802 2478 2802 2474 2802 2479 2803 2474 2803 2475 2803 2473 4 2477 4 2479 4 2473 4 2479 4 2475 4 2476 2804 2472 2804 2474 2804 2476 2805 2474 2805 2478 2805 2479 2806 2478 2806 2476 2806 2479 2806 2476 2806 2477 2806 2477 2807 2476 2807 2480 2807 2477 2807 2480 2807 2481 2807 2481 2808 2480 2808 2482 2808 2481 2809 2482 2809 2483 2809 2483 2810 2482 2810 2478 2810 2483 2810 2478 2810 2479 2810 2477 4 2481 4 2483 4 2477 4 2483 4 2479 4 2480 2811 2476 2811 2478 2811 2480 2812 2478 2812 2482 2812 2483 2813 2482 2813 2480 2813 2483 2814 2480 2814 2481 2814 2481 2815 2480 2815 2484 2815 2481 2816 2484 2816 2485 2816 2485 2817 2484 2817 2486 2817 2485 2818 2486 2818 2487 2818 2487 2819 2486 2819 2482 2819 2487 2820 2482 2820 2483 2820 2481 4 2485 4 2487 4 2481 4 2487 4 2483 4 2484 2821 2480 2821 2482 2821 2484 2822 2482 2822 2486 2822 2487 2823 2486 2823 2484 2823 2487 2824 2484 2824 2485 2824 2485 2825 2484 2825 2488 2825 2485 2826 2488 2826 2489 2826 2489 2827 2488 2827 2490 2827 2489 2827 2490 2827 2491 2827 2491 2828 2490 2828 2486 2828 2491 2828 2486 2828 2487 2828 2485 4 2489 4 2491 4 2485 4 2491 4 2487 4 2488 2829 2484 2829 2486 2829 2488 2830 2486 2830 2490 2830 2491 2831 2490 2831 2488 2831 2491 2831 2488 2831 2489 2831 2489 2832 2488 2832 2492 2832 2489 2833 2492 2833 2493 2833 2493 2834 2492 2834 2494 2834 2493 2835 2494 2835 2495 2835 2495 2836 2494 2836 2490 2836 2495 2836 2490 2836 2491 2836 2489 4 2493 4 2495 4 2489 4 2495 4 2491 4 2492 2837 2488 2837 2490 2837 2492 2838 2490 2838 2494 2838 2495 2839 2494 2839 2492 2839 2495 2840 2492 2840 2493 2840 2493 2841 2492 2841 2496 2841 2493 2842 2496 2842 2497 2842 2497 2843 2496 2843 2498 2843 2497 2843 2498 2843 2499 2843 2499 2844 2498 2844 2494 2844 2499 2844 2494 2844 2495 2844 2493 4 2497 4 2499 4 2493 4 2499 4 2495 4 2496 2845 2492 2845 2494 2845 2496 2846 2494 2846 2498 2846 2499 2847 2498 2847 2496 2847 2499 2847 2496 2847 2497 2847 2497 2848 2496 2848 2500 2848 2497 2849 2500 2849 2501 2849 2501 2850 2500 2850 2502 2850 2501 2851 2502 2851 2503 2851 2503 2852 2502 2852 2498 2852 2503 2852 2498 2852 2499 2852 2497 4 2501 4 2503 4 2497 4 2503 4 2499 4 2500 5 2496 5 2498 5 2500 5 2498 5 2502 5 2503 2853 2502 2853 2500 2853 2503 2854 2500 2854 2501 2854 2501 2855 2500 2855 2504 2855 2501 2856 2504 2856 2505 2856 2505 2857 2504 2857 2506 2857 2505 2858 2506 2858 2507 2858 2507 2859 2506 2859 2502 2859 2507 2860 2502 2860 2503 2860 2501 4 2505 4 2507 4 2501 4 2507 4 2503 4 2504 5 2500 5 2502 5 2504 2861 2502 2861 2506 2861 2507 2862 2506 2862 2504 2862 2507 2863 2504 2863 2505 2863 2505 2864 2504 2864 2508 2864 2505 2864 2508 2864 2509 2864 2509 2865 2508 2865 2510 2865 2509 2865 2510 2865 2511 2865 2511 2866 2510 2866 2506 2866 2511 2867 2506 2867 2507 2867 2505 4 2509 4 2511 4 2505 4 2511 4 2507 4 2508 2868 2504 2868 2506 2868 2508 2869 2506 2869 2510 2869 2511 2870 2510 2870 2508 2870 2511 2870 2508 2870 2509 2870 2509 2871 2508 2871 2512 2871 2509 2871 2512 2871 2513 2871 2513 2872 2512 2872 2514 2872 2513 2873 2514 2873 2515 2873 2515 2874 2514 2874 2510 2874 2515 2875 2510 2875 2511 2875 2509 4 2513 4 2515 4 2509 4 2515 4 2511 4 2512 5 2508 5 2510 5 2512 2876 2510 2876 2514 2876 2515 2877 2514 2877 2512 2877 2515 2878 2512 2878 2513 2878 2513 2879 2512 2879 2516 2879 2513 2879 2516 2879 2517 2879 2517 2880 2516 2880 2518 2880 2517 2880 2518 2880 2519 2880 2519 2881 2518 2881 2514 2881 2519 2881 2514 2881 2515 2881 2513 4 2517 4 2519 4 2513 4 2519 4 2515 4 2516 2882 2512 2882 2514 2882 2516 5 2514 5 2518 5 2519 2883 2518 2883 2516 2883 2519 2883 2516 2883 2517 2883 2517 2884 2516 2884 2520 2884 2517 2885 2520 2885 2521 2885 2521 2886 2520 2886 2522 2886 2521 2886 2522 2886 2523 2886 2523 2887 2522 2887 2518 2887 2523 2887 2518 2887 2519 2887 2517 4 2521 4 2523 4 2517 4 2523 4 2519 4 2520 2888 2516 2888 2518 2888 2520 2889 2518 2889 2522 2889 2523 2890 2522 2890 2520 2890 2523 2890 2520 2890 2521 2890 2521 2891 2520 2891 2524 2891 2521 2891 2524 2891 2525 2891 2525 2892 2524 2892 2526 2892 2525 2892 2526 2892 2527 2892 2527 2893 2526 2893 2522 2893 2527 2893 2522 2893 2523 2893 2521 4 2525 4 2527 4 2521 4 2527 4 2523 4 2524 5 2520 5 2522 5 2524 5 2522 5 2526 5</p>
        </triangles>
      </mesh>
    </geometry>
  </library_geometries>
  <library_visual_scenes>
    <visual_scene id="DefaultScene">
      <node id="node_e697195c_ee11_4961_9817_4df52fecc8eb" type="NODE">
        <matrix>1 0 0 0 0 1 0 0 0 0 1 0 0 0 0 1</matrix>
        <node id="node_18ab5d5d_9e9e_4144_af7f_09ba807224a7" type="NODE">
          <matrix>1 0 0 0 0 1 0 0 0 0 1 0 0 0 0 1</matrix>
          <node id="node_18ab5d5d_9e9e_4144_af7f_09ba807224a7_mesh0" type="NODE">
            <matrix>1 0 0 0 0 1 0 0 0 0 1 0 0 0 0 1</matrix>
            <instance_geometry url="#geometry_79122257_2259_41b6_8018_a47bcbf33bf0">
              <bind_material>
                <technique_common>
                  <instance_material symbol="mat_0" target="#mat_0"/>
                </technique_common>
              </bind_material>
            </instance_geometry>
          </node>
        </node>
      </node>
    </visual_scene>
  </library_visual_scenes>
  <scene>
    <instance_visual_scene url="#DefaultScene"/>
  </scene>
</COLLADA>
